# كوخ دورين 3 غرف نوم — 120 م² — Watad Wood Factory (units: cm, Z-up)
mtllib cabin-2floor-3br-120_3d.mtl
o slab
v -16.00 -16.00 -45.00
v 784.00 -16.00 -45.00
v 784.00 774.00 -45.00
v -16.00 774.00 -45.00
v -16.00 -16.00 0.00
v 784.00 -16.00 0.00
v 784.00 774.00 0.00
v -16.00 774.00 0.00
usemtl slab
f 4 3 2 1
f 5 6 7 8
f 1 2 6 5
f 2 3 7 6
f 3 4 8 7
f 4 1 5 8
o wood
v -6.00 -6.00 0.00
v 60.00 -6.00 0.00
v 60.00 6.00 0.00
v -6.00 6.00 0.00
v -6.00 -6.00 280.00
v 60.00 -6.00 280.00
v 60.00 6.00 280.00
v -6.00 6.00 280.00
v 200.00 -6.00 0.00
v 234.00 -6.00 0.00
v 234.00 6.00 0.00
v 200.00 6.00 0.00
v 200.00 -6.00 280.00
v 234.00 -6.00 280.00
v 234.00 6.00 280.00
v 200.00 6.00 280.00
v 534.00 -6.00 0.00
v 568.00 -6.00 0.00
v 568.00 6.00 0.00
v 534.00 6.00 0.00
v 534.00 -6.00 280.00
v 568.00 -6.00 280.00
v 568.00 6.00 280.00
v 534.00 6.00 280.00
v 708.00 -6.00 0.00
v 774.00 -6.00 0.00
v 774.00 6.00 0.00
v 708.00 6.00 0.00
v 708.00 -6.00 280.00
v 774.00 -6.00 280.00
v 774.00 6.00 280.00
v 708.00 6.00 280.00
v 60.00 -6.00 0.00
v 200.00 -6.00 0.00
v 200.00 6.00 0.00
v 60.00 6.00 0.00
v 60.00 -6.00 30.00
v 200.00 -6.00 30.00
v 200.00 6.00 30.00
v 60.00 6.00 30.00
v 60.00 -6.00 240.00
v 200.00 -6.00 240.00
v 200.00 6.00 240.00
v 60.00 6.00 240.00
v 60.00 -6.00 280.00
v 200.00 -6.00 280.00
v 200.00 6.00 280.00
v 60.00 6.00 280.00
v 234.00 -6.00 265.00
v 534.00 -6.00 265.00
v 534.00 6.00 265.00
v 234.00 6.00 265.00
v 234.00 -6.00 280.00
v 534.00 -6.00 280.00
v 534.00 6.00 280.00
v 234.00 6.00 280.00
v 568.00 -6.00 0.00
v 708.00 -6.00 0.00
v 708.00 6.00 0.00
v 568.00 6.00 0.00
v 568.00 -6.00 30.00
v 708.00 -6.00 30.00
v 708.00 6.00 30.00
v 568.00 6.00 30.00
v 568.00 -6.00 240.00
v 708.00 -6.00 240.00
v 708.00 6.00 240.00
v 568.00 6.00 240.00
v 568.00 -6.00 280.00
v 708.00 -6.00 280.00
v 708.00 6.00 280.00
v 568.00 6.00 280.00
v 774.00 -6.00 0.00
v 774.00 120.00 0.00
v 762.00 120.00 0.00
v 762.00 -6.00 0.00
v 774.00 -6.00 280.00
v 774.00 120.00 280.00
v 762.00 120.00 280.00
v 762.00 -6.00 280.00
v 774.00 240.00 0.00
v 774.00 764.00 0.00
v 762.00 764.00 0.00
v 762.00 240.00 0.00
v 774.00 240.00 280.00
v 774.00 764.00 280.00
v 762.00 764.00 280.00
v 762.00 240.00 280.00
v 774.00 120.00 0.00
v 774.00 240.00 0.00
v 762.00 240.00 0.00
v 762.00 120.00 0.00
v 774.00 120.00 110.00
v 774.00 240.00 110.00
v 762.00 240.00 110.00
v 762.00 120.00 110.00
v 774.00 120.00 210.00
v 774.00 240.00 210.00
v 762.00 240.00 210.00
v 762.00 120.00 210.00
v 774.00 120.00 280.00
v 774.00 240.00 280.00
v 762.00 240.00 280.00
v 762.00 120.00 280.00
v 774.00 764.00 0.00
v 440.00 764.00 0.00
v 440.00 752.00 0.00
v 774.00 752.00 0.00
v 774.00 764.00 280.00
v 440.00 764.00 280.00
v 440.00 752.00 280.00
v 774.00 752.00 280.00
v 380.00 764.00 0.00
v 220.00 764.00 0.00
v 220.00 752.00 0.00
v 380.00 752.00 0.00
v 380.00 764.00 280.00
v 220.00 764.00 280.00
v 220.00 752.00 280.00
v 380.00 752.00 280.00
v 100.00 764.00 0.00
v -6.00 764.00 0.00
v -6.00 752.00 0.00
v 100.00 752.00 0.00
v 100.00 764.00 280.00
v -6.00 764.00 280.00
v -6.00 752.00 280.00
v 100.00 752.00 280.00
v 440.00 764.00 0.00
v 380.00 764.00 0.00
v 380.00 752.00 0.00
v 440.00 752.00 0.00
v 440.00 764.00 150.00
v 380.00 764.00 150.00
v 380.00 752.00 150.00
v 440.00 752.00 150.00
v 440.00 764.00 210.00
v 380.00 764.00 210.00
v 380.00 752.00 210.00
v 440.00 752.00 210.00
v 440.00 764.00 280.00
v 380.00 764.00 280.00
v 380.00 752.00 280.00
v 440.00 752.00 280.00
v 220.00 764.00 0.00
v 100.00 764.00 0.00
v 100.00 752.00 0.00
v 220.00 752.00 0.00
v 220.00 764.00 100.00
v 100.00 764.00 100.00
v 100.00 752.00 100.00
v 220.00 752.00 100.00
v 220.00 764.00 210.00
v 100.00 764.00 210.00
v 100.00 752.00 210.00
v 220.00 752.00 210.00
v 220.00 764.00 280.00
v 100.00 764.00 280.00
v 100.00 752.00 280.00
v 220.00 752.00 280.00
v -6.00 764.00 0.00
v -6.00 670.00 0.00
v 6.00 670.00 0.00
v 6.00 764.00 0.00
v -6.00 764.00 280.00
v -6.00 670.00 280.00
v 6.00 670.00 280.00
v 6.00 764.00 280.00
v -6.00 550.00 0.00
v -6.00 270.00 0.00
v 6.00 270.00 0.00
v 6.00 550.00 0.00
v -6.00 550.00 280.00
v -6.00 270.00 280.00
v 6.00 270.00 280.00
v 6.00 550.00 280.00
v -6.00 110.00 0.00
v -6.00 -6.00 0.00
v 6.00 -6.00 0.00
v 6.00 110.00 0.00
v -6.00 110.00 280.00
v -6.00 -6.00 280.00
v 6.00 -6.00 280.00
v 6.00 110.00 280.00
v -6.00 670.00 0.00
v -6.00 550.00 0.00
v 6.00 550.00 0.00
v 6.00 670.00 0.00
v -6.00 670.00 100.00
v -6.00 550.00 100.00
v 6.00 550.00 100.00
v 6.00 670.00 100.00
v -6.00 670.00 210.00
v -6.00 550.00 210.00
v 6.00 550.00 210.00
v 6.00 670.00 210.00
v -6.00 670.00 280.00
v -6.00 550.00 280.00
v 6.00 550.00 280.00
v 6.00 670.00 280.00
v -6.00 270.00 0.00
v -6.00 110.00 0.00
v 6.00 110.00 0.00
v 6.00 270.00 0.00
v -6.00 270.00 90.00
v -6.00 110.00 90.00
v 6.00 110.00 90.00
v 6.00 270.00 90.00
v -6.00 270.00 210.00
v -6.00 110.00 210.00
v 6.00 110.00 210.00
v 6.00 270.00 210.00
v -6.00 270.00 280.00
v -6.00 110.00 280.00
v 6.00 110.00 280.00
v 6.00 270.00 280.00
v -6.00 -6.00 305.00
v 30.00 -6.00 305.00
v 30.00 6.00 305.00
v -6.00 6.00 305.00
v -6.00 -6.00 585.00
v 30.00 -6.00 585.00
v 30.00 6.00 585.00
v -6.00 6.00 585.00
v 130.00 -6.00 305.00
v 150.00 -6.00 305.00
v 150.00 6.00 305.00
v 130.00 6.00 305.00
v 130.00 -6.00 585.00
v 150.00 -6.00 585.00
v 150.00 6.00 585.00
v 130.00 6.00 585.00
v 390.00 -6.00 305.00
v 774.00 -6.00 305.00
v 774.00 6.00 305.00
v 390.00 6.00 305.00
v 390.00 -6.00 585.00
v 774.00 -6.00 585.00
v 774.00 6.00 585.00
v 390.00 6.00 585.00
v 30.00 -6.00 305.00
v 130.00 -6.00 305.00
v 130.00 6.00 305.00
v 30.00 6.00 305.00
v 30.00 -6.00 335.00
v 130.00 -6.00 335.00
v 130.00 6.00 335.00
v 30.00 6.00 335.00
v 30.00 -6.00 545.00
v 130.00 -6.00 545.00
v 130.00 6.00 545.00
v 30.00 6.00 545.00
v 30.00 -6.00 585.00
v 130.00 -6.00 585.00
v 130.00 6.00 585.00
v 30.00 6.00 585.00
v 150.00 -6.00 545.00
v 390.00 -6.00 545.00
v 390.00 6.00 545.00
v 150.00 6.00 545.00
v 150.00 -6.00 585.00
v 390.00 -6.00 585.00
v 390.00 6.00 585.00
v 150.00 6.00 585.00
v -6.00 -6.00 585.00
v 774.00 -6.00 585.00
v 774.00 6.00 585.00
v -6.00 6.00 585.00
v -6.00 -6.00 605.00
v 774.00 -6.00 605.00
v 774.00 6.00 605.00
v -6.00 6.00 605.00
v -6.00 -6.00 585.00
v 384.00 -6.00 848.06
v 384.00 -6.00 823.93
v 65.42 -6.00 605.00
v 65.42 -6.00 585.00
v -6.00 6.00 585.00
v 384.00 6.00 848.06
v 384.00 6.00 823.93
v 65.42 6.00 605.00
v 65.42 6.00 585.00
v 774.00 -6.00 585.00
v 702.58 -6.00 585.00
v 702.58 -6.00 605.00
v 384.00 -6.00 823.93
v 384.00 -6.00 848.06
v 774.00 6.00 585.00
v 702.58 6.00 585.00
v 702.58 6.00 605.00
v 384.00 6.00 823.93
v 384.00 6.00 848.06
v 166.61 -6.00 605.00
v 176.61 -6.00 605.00
v 176.61 6.00 605.00
v 166.61 6.00 605.00
v 166.61 -6.00 677.63
v 176.61 -6.00 677.63
v 176.61 6.00 677.63
v 166.61 6.00 677.63
v 272.81 -6.00 605.00
v 282.81 -6.00 605.00
v 282.81 6.00 605.00
v 272.81 6.00 605.00
v 272.81 -6.00 749.26
v 282.81 -6.00 749.26
v 282.81 6.00 749.26
v 272.81 6.00 749.26
v 379.00 -6.00 605.00
v 389.00 -6.00 605.00
v 389.00 6.00 605.00
v 379.00 6.00 605.00
v 379.00 -6.00 820.89
v 389.00 -6.00 820.89
v 389.00 6.00 820.89
v 379.00 6.00 820.89
v 485.19 -6.00 605.00
v 495.19 -6.00 605.00
v 495.19 6.00 605.00
v 485.19 6.00 605.00
v 485.19 -6.00 749.26
v 495.19 -6.00 749.26
v 495.19 6.00 749.26
v 485.19 6.00 749.26
v 591.39 -6.00 605.00
v 601.39 -6.00 605.00
v 601.39 6.00 605.00
v 591.39 6.00 605.00
v 591.39 -6.00 677.63
v 601.39 -6.00 677.63
v 601.39 6.00 677.63
v 591.39 6.00 677.63
v 211.48 -6.00 698.52
v 556.52 -6.00 698.52
v 556.52 6.00 698.52
v 211.48 6.00 698.52
v 211.48 -6.00 708.52
v 556.52 -6.00 708.52
v 556.52 6.00 708.52
v 211.48 6.00 708.52
v 774.00 -6.00 305.00
v 774.00 60.00 305.00
v 762.00 60.00 305.00
v 762.00 -6.00 305.00
v 774.00 -6.00 585.00
v 774.00 60.00 585.00
v 762.00 60.00 585.00
v 762.00 -6.00 585.00
v 774.00 120.00 305.00
v 774.00 520.00 305.00
v 762.00 520.00 305.00
v 762.00 120.00 305.00
v 774.00 120.00 585.00
v 774.00 520.00 585.00
v 762.00 520.00 585.00
v 762.00 120.00 585.00
v 774.00 620.00 305.00
v 774.00 764.00 305.00
v 762.00 764.00 305.00
v 762.00 620.00 305.00
v 774.00 620.00 585.00
v 774.00 764.00 585.00
v 762.00 764.00 585.00
v 762.00 620.00 585.00
v 774.00 60.00 305.00
v 774.00 120.00 305.00
v 762.00 120.00 305.00
v 762.00 60.00 305.00
v 774.00 60.00 455.00
v 774.00 120.00 455.00
v 762.00 120.00 455.00
v 762.00 60.00 455.00
v 774.00 60.00 515.00
v 774.00 120.00 515.00
v 762.00 120.00 515.00
v 762.00 60.00 515.00
v 774.00 60.00 585.00
v 774.00 120.00 585.00
v 762.00 120.00 585.00
v 762.00 60.00 585.00
v 774.00 520.00 305.00
v 774.00 620.00 305.00
v 762.00 620.00 305.00
v 762.00 520.00 305.00
v 774.00 520.00 405.00
v 774.00 620.00 405.00
v 762.00 620.00 405.00
v 762.00 520.00 405.00
v 774.00 520.00 515.00
v 774.00 620.00 515.00
v 762.00 620.00 515.00
v 762.00 520.00 515.00
v 774.00 520.00 585.00
v 774.00 620.00 585.00
v 762.00 620.00 585.00
v 762.00 520.00 585.00
v 774.00 764.00 305.00
v 440.00 764.00 305.00
v 440.00 752.00 305.00
v 774.00 752.00 305.00
v 774.00 764.00 585.00
v 440.00 764.00 585.00
v 440.00 752.00 585.00
v 774.00 752.00 585.00
v 380.00 764.00 305.00
v 220.00 764.00 305.00
v 220.00 752.00 305.00
v 380.00 752.00 305.00
v 380.00 764.00 585.00
v 220.00 764.00 585.00
v 220.00 752.00 585.00
v 380.00 752.00 585.00
v 100.00 764.00 305.00
v -6.00 764.00 305.00
v -6.00 752.00 305.00
v 100.00 752.00 305.00
v 100.00 764.00 585.00
v -6.00 764.00 585.00
v -6.00 752.00 585.00
v 100.00 752.00 585.00
v 440.00 764.00 305.00
v 380.00 764.00 305.00
v 380.00 752.00 305.00
v 440.00 752.00 305.00
v 440.00 764.00 455.00
v 380.00 764.00 455.00
v 380.00 752.00 455.00
v 440.00 752.00 455.00
v 440.00 764.00 515.00
v 380.00 764.00 515.00
v 380.00 752.00 515.00
v 440.00 752.00 515.00
v 440.00 764.00 585.00
v 380.00 764.00 585.00
v 380.00 752.00 585.00
v 440.00 752.00 585.00
v 220.00 764.00 305.00
v 100.00 764.00 305.00
v 100.00 752.00 305.00
v 220.00 752.00 305.00
v 220.00 764.00 405.00
v 100.00 764.00 405.00
v 100.00 752.00 405.00
v 220.00 752.00 405.00
v 220.00 764.00 515.00
v 100.00 764.00 515.00
v 100.00 752.00 515.00
v 220.00 752.00 515.00
v 220.00 764.00 585.00
v 100.00 764.00 585.00
v 100.00 752.00 585.00
v 220.00 752.00 585.00
v 774.00 764.00 585.00
v -6.00 764.00 585.00
v 384.00 764.00 848.06
v 774.00 752.00 585.00
v -6.00 752.00 585.00
v 384.00 752.00 848.06
v -6.00 764.00 305.00
v -6.00 670.00 305.00
v 6.00 670.00 305.00
v 6.00 764.00 305.00
v -6.00 764.00 585.00
v -6.00 670.00 585.00
v 6.00 670.00 585.00
v 6.00 764.00 585.00
v -6.00 550.00 305.00
v -6.00 230.00 305.00
v 6.00 230.00 305.00
v 6.00 550.00 305.00
v -6.00 550.00 585.00
v -6.00 230.00 585.00
v 6.00 230.00 585.00
v 6.00 550.00 585.00
v -6.00 110.00 305.00
v -6.00 -6.00 305.00
v 6.00 -6.00 305.00
v 6.00 110.00 305.00
v -6.00 110.00 585.00
v -6.00 -6.00 585.00
v 6.00 -6.00 585.00
v 6.00 110.00 585.00
v -6.00 670.00 305.00
v -6.00 550.00 305.00
v 6.00 550.00 305.00
v 6.00 670.00 305.00
v -6.00 670.00 405.00
v -6.00 550.00 405.00
v 6.00 550.00 405.00
v 6.00 670.00 405.00
v -6.00 670.00 515.00
v -6.00 550.00 515.00
v 6.00 550.00 515.00
v 6.00 670.00 515.00
v -6.00 670.00 585.00
v -6.00 550.00 585.00
v 6.00 550.00 585.00
v 6.00 670.00 585.00
v -6.00 230.00 305.00
v -6.00 110.00 305.00
v 6.00 110.00 305.00
v 6.00 230.00 305.00
v -6.00 230.00 405.00
v -6.00 110.00 405.00
v 6.00 110.00 405.00
v 6.00 230.00 405.00
v -6.00 230.00 515.00
v -6.00 110.00 515.00
v 6.00 110.00 515.00
v 6.00 230.00 515.00
v -6.00 230.00 585.00
v -6.00 110.00 585.00
v 6.00 110.00 585.00
v 6.00 230.00 585.00
v -6.00 -6.00 280.00
v 774.00 -6.00 280.00
v 774.00 6.00 280.00
v -6.00 6.00 280.00
v -6.00 -6.00 302.50
v 774.00 -6.00 302.50
v 774.00 6.00 302.50
v -6.00 6.00 302.50
v 774.00 -6.00 280.00
v 774.00 764.00 280.00
v 762.00 764.00 280.00
v 762.00 -6.00 280.00
v 774.00 -6.00 302.50
v 774.00 764.00 302.50
v 762.00 764.00 302.50
v 762.00 -6.00 302.50
v 774.00 764.00 280.00
v -6.00 764.00 280.00
v -6.00 752.00 280.00
v 774.00 752.00 280.00
v 774.00 764.00 302.50
v -6.00 764.00 302.50
v -6.00 752.00 302.50
v 774.00 752.00 302.50
v -6.00 764.00 280.00
v -6.00 -6.00 280.00
v 6.00 -6.00 280.00
v 6.00 764.00 280.00
v -6.00 764.00 302.50
v -6.00 -6.00 302.50
v 6.00 -6.00 302.50
v 6.00 764.00 302.50
v 594.00 415.50 400.00
v 762.00 415.50 400.00
v 762.00 424.50 400.00
v 594.00 424.50 400.00
v 594.00 415.50 405.00
v 762.00 415.50 405.00
v 762.00 424.50 405.00
v 594.00 424.50 405.00
v 594.00 416.50 313.00
v 762.00 416.50 313.00
v 762.00 423.50 313.00
v 594.00 423.50 313.00
v 594.00 416.50 318.00
v 762.00 416.50 318.00
v 762.00 423.50 318.00
v 594.00 423.50 318.00
v 613.90 418.00 318.00
v 617.90 418.00 318.00
v 617.90 422.00 318.00
v 613.90 422.00 318.00
v 613.90 418.00 400.00
v 617.90 418.00 400.00
v 617.90 422.00 400.00
v 613.90 422.00 400.00
v 628.80 418.00 318.00
v 632.80 418.00 318.00
v 632.80 422.00 318.00
v 628.80 422.00 318.00
v 628.80 418.00 400.00
v 632.80 418.00 400.00
v 632.80 422.00 400.00
v 628.80 422.00 400.00
v 643.70 418.00 318.00
v 647.70 418.00 318.00
v 647.70 422.00 318.00
v 643.70 422.00 318.00
v 643.70 418.00 400.00
v 647.70 418.00 400.00
v 647.70 422.00 400.00
v 643.70 422.00 400.00
v 658.60 418.00 318.00
v 662.60 418.00 318.00
v 662.60 422.00 318.00
v 658.60 422.00 318.00
v 658.60 418.00 400.00
v 662.60 418.00 400.00
v 662.60 422.00 400.00
v 658.60 422.00 400.00
v 693.40 418.00 318.00
v 697.40 418.00 318.00
v 697.40 422.00 318.00
v 693.40 422.00 318.00
v 693.40 418.00 400.00
v 697.40 418.00 400.00
v 697.40 422.00 400.00
v 693.40 422.00 400.00
v 708.30 418.00 318.00
v 712.30 418.00 318.00
v 712.30 422.00 318.00
v 708.30 422.00 318.00
v 708.30 418.00 400.00
v 712.30 418.00 400.00
v 712.30 422.00 400.00
v 708.30 422.00 400.00
v 723.20 418.00 318.00
v 727.20 418.00 318.00
v 727.20 422.00 318.00
v 723.20 422.00 318.00
v 723.20 418.00 400.00
v 727.20 418.00 400.00
v 727.20 422.00 400.00
v 723.20 422.00 400.00
v 738.10 418.00 318.00
v 742.10 418.00 318.00
v 742.10 422.00 318.00
v 738.10 422.00 318.00
v 738.10 418.00 400.00
v 742.10 418.00 400.00
v 742.10 422.00 400.00
v 738.10 422.00 400.00
v 508.50 420.00 400.00
v 508.50 546.00 400.00
v 499.50 546.00 400.00
v 499.50 420.00 400.00
v 508.50 420.00 405.00
v 508.50 546.00 405.00
v 499.50 546.00 405.00
v 499.50 420.00 405.00
v 507.50 420.00 313.00
v 507.50 546.00 313.00
v 500.50 546.00 313.00
v 500.50 420.00 313.00
v 507.50 420.00 318.00
v 507.50 546.00 318.00
v 500.50 546.00 318.00
v 500.50 420.00 318.00
v 506.00 439.00 318.00
v 506.00 443.00 318.00
v 502.00 443.00 318.00
v 502.00 439.00 318.00
v 506.00 439.00 400.00
v 506.00 443.00 400.00
v 502.00 443.00 400.00
v 502.00 439.00 400.00
v 506.00 453.00 318.00
v 506.00 457.00 318.00
v 502.00 457.00 318.00
v 502.00 453.00 318.00
v 506.00 453.00 400.00
v 506.00 457.00 400.00
v 502.00 457.00 400.00
v 502.00 453.00 400.00
v 506.00 467.00 318.00
v 506.00 471.00 318.00
v 502.00 471.00 318.00
v 502.00 467.00 318.00
v 506.00 467.00 400.00
v 506.00 471.00 400.00
v 502.00 471.00 400.00
v 502.00 467.00 400.00
v 506.00 481.00 318.00
v 506.00 485.00 318.00
v 502.00 485.00 318.00
v 502.00 481.00 318.00
v 506.00 481.00 400.00
v 506.00 485.00 400.00
v 502.00 485.00 400.00
v 502.00 481.00 400.00
v 506.00 495.00 318.00
v 506.00 499.00 318.00
v 502.00 499.00 318.00
v 502.00 495.00 318.00
v 506.00 495.00 400.00
v 506.00 499.00 400.00
v 502.00 499.00 400.00
v 502.00 495.00 400.00
v 506.00 509.00 318.00
v 506.00 513.00 318.00
v 502.00 513.00 318.00
v 502.00 509.00 318.00
v 506.00 509.00 400.00
v 506.00 513.00 400.00
v 502.00 513.00 400.00
v 502.00 509.00 400.00
v 506.00 523.00 318.00
v 506.00 527.00 318.00
v 502.00 527.00 318.00
v 502.00 523.00 318.00
v 506.00 523.00 400.00
v 506.00 527.00 400.00
v 502.00 527.00 400.00
v 502.00 523.00 400.00
v -6.00 59.00 585.00
v -6.00 259.00 785.00
v -6.00 459.00 585.00
v 6.00 59.00 585.00
v 6.00 259.00 785.00
v 6.00 459.00 585.00
v 774.00 59.00 585.00
v 774.00 259.00 785.00
v 774.00 459.00 585.00
v 762.00 59.00 585.00
v 762.00 259.00 785.00
v 762.00 459.00 585.00
v -6.00 -246.00 -45.00
v 774.00 -246.00 -45.00
v 774.00 -6.00 -45.00
v -6.00 -6.00 -45.00
v -6.00 -246.00 0.00
v 774.00 -246.00 0.00
v 774.00 -6.00 0.00
v -6.00 -6.00 0.00
v -13.00 -6.00 86.00
v -13.00 -246.00 86.00
v -10.50 -246.00 86.00
v -10.50 -6.00 86.00
v -13.00 -6.00 95.00
v -13.00 -246.00 95.00
v -10.50 -246.00 95.00
v -10.50 -6.00 95.00
v -13.00 -6.00 73.00
v -13.00 -246.00 73.00
v -10.50 -246.00 73.00
v -10.50 -6.00 73.00
v -13.00 -6.00 82.00
v -13.00 -246.00 82.00
v -10.50 -246.00 82.00
v -10.50 -6.00 82.00
v -13.00 -6.00 60.00
v -13.00 -246.00 60.00
v -10.50 -246.00 60.00
v -10.50 -6.00 60.00
v -13.00 -6.00 69.00
v -13.00 -246.00 69.00
v -10.50 -246.00 69.00
v -10.50 -6.00 69.00
v -13.00 -6.00 47.00
v -13.00 -246.00 47.00
v -10.50 -246.00 47.00
v -10.50 -6.00 47.00
v -13.00 -6.00 56.00
v -13.00 -246.00 56.00
v -10.50 -246.00 56.00
v -10.50 -6.00 56.00
v -13.00 -6.00 34.00
v -13.00 -246.00 34.00
v -10.50 -246.00 34.00
v -10.50 -6.00 34.00
v -13.00 -6.00 43.00
v -13.00 -246.00 43.00
v -10.50 -246.00 43.00
v -10.50 -6.00 43.00
v -13.00 -6.00 21.00
v -13.00 -246.00 21.00
v -10.50 -246.00 21.00
v -10.50 -6.00 21.00
v -13.00 -6.00 30.00
v -13.00 -246.00 30.00
v -10.50 -246.00 30.00
v -10.50 -6.00 30.00
v -13.00 -6.00 8.00
v -13.00 -246.00 8.00
v -10.50 -246.00 8.00
v -10.50 -6.00 8.00
v -13.00 -6.00 17.00
v -13.00 -246.00 17.00
v -10.50 -246.00 17.00
v -10.50 -6.00 17.00
v -13.50 -6.00 95.00
v -13.50 -246.00 95.00
v -1.50 -246.00 95.00
v -1.50 -6.00 95.00
v -13.50 -6.00 99.00
v -13.50 -246.00 99.00
v -1.50 -246.00 99.00
v -1.50 -6.00 99.00
v 781.00 -246.00 86.00
v 781.00 -6.00 86.00
v 778.50 -6.00 86.00
v 778.50 -246.00 86.00
v 781.00 -246.00 95.00
v 781.00 -6.00 95.00
v 778.50 -6.00 95.00
v 778.50 -246.00 95.00
v 781.00 -246.00 73.00
v 781.00 -6.00 73.00
v 778.50 -6.00 73.00
v 778.50 -246.00 73.00
v 781.00 -246.00 82.00
v 781.00 -6.00 82.00
v 778.50 -6.00 82.00
v 778.50 -246.00 82.00
v 781.00 -246.00 60.00
v 781.00 -6.00 60.00
v 778.50 -6.00 60.00
v 778.50 -246.00 60.00
v 781.00 -246.00 69.00
v 781.00 -6.00 69.00
v 778.50 -6.00 69.00
v 778.50 -246.00 69.00
v 781.00 -246.00 47.00
v 781.00 -6.00 47.00
v 778.50 -6.00 47.00
v 778.50 -246.00 47.00
v 781.00 -246.00 56.00
v 781.00 -6.00 56.00
v 778.50 -6.00 56.00
v 778.50 -246.00 56.00
v 781.00 -246.00 34.00
v 781.00 -6.00 34.00
v 778.50 -6.00 34.00
v 778.50 -246.00 34.00
v 781.00 -246.00 43.00
v 781.00 -6.00 43.00
v 778.50 -6.00 43.00
v 778.50 -246.00 43.00
v 781.00 -246.00 21.00
v 781.00 -6.00 21.00
v 778.50 -6.00 21.00
v 778.50 -246.00 21.00
v 781.00 -246.00 30.00
v 781.00 -6.00 30.00
v 778.50 -6.00 30.00
v 778.50 -246.00 30.00
v 781.00 -246.00 8.00
v 781.00 -6.00 8.00
v 778.50 -6.00 8.00
v 778.50 -246.00 8.00
v 781.00 -246.00 17.00
v 781.00 -6.00 17.00
v 778.50 -6.00 17.00
v 778.50 -246.00 17.00
v 781.50 -246.00 95.00
v 781.50 -6.00 95.00
v 769.50 -6.00 95.00
v 769.50 -246.00 95.00
v 781.50 -246.00 99.00
v 781.50 -6.00 99.00
v 769.50 -6.00 99.00
v 769.50 -246.00 99.00
v 244.00 -306.00 -45.00
v 524.00 -306.00 -45.00
v 524.00 -246.00 -45.00
v 244.00 -246.00 -45.00
v 244.00 -306.00 -30.00
v 524.00 -306.00 -30.00
v 524.00 -246.00 -30.00
v 244.00 -246.00 -30.00
v 244.00 -276.00 -45.00
v 524.00 -276.00 -45.00
v 524.00 -246.00 -45.00
v 244.00 -246.00 -45.00
v 244.00 -276.00 -15.00
v 524.00 -276.00 -15.00
v 524.00 -246.00 -15.00
v 244.00 -246.00 -15.00
v -6.00 -246.00 280.00
v 774.00 -246.00 280.00
v 774.00 -6.00 280.00
v -6.00 -6.00 280.00
v -6.00 -246.00 305.00
v 774.00 -246.00 305.00
v 774.00 -6.00 305.00
v -6.00 -6.00 305.00
v -6.00 -253.00 401.00
v 774.00 -253.00 401.00
v 774.00 -250.50 401.00
v -6.00 -250.50 401.00
v -6.00 -253.00 410.00
v 774.00 -253.00 410.00
v 774.00 -250.50 410.00
v -6.00 -250.50 410.00
v -6.00 -253.00 388.00
v 774.00 -253.00 388.00
v 774.00 -250.50 388.00
v -6.00 -250.50 388.00
v -6.00 -253.00 397.00
v 774.00 -253.00 397.00
v 774.00 -250.50 397.00
v -6.00 -250.50 397.00
v -6.00 -253.00 375.00
v 774.00 -253.00 375.00
v 774.00 -250.50 375.00
v -6.00 -250.50 375.00
v -6.00 -253.00 384.00
v 774.00 -253.00 384.00
v 774.00 -250.50 384.00
v -6.00 -250.50 384.00
v -6.00 -253.00 362.00
v 774.00 -253.00 362.00
v 774.00 -250.50 362.00
v -6.00 -250.50 362.00
v -6.00 -253.00 371.00
v 774.00 -253.00 371.00
v 774.00 -250.50 371.00
v -6.00 -250.50 371.00
v -6.00 -253.00 349.00
v 774.00 -253.00 349.00
v 774.00 -250.50 349.00
v -6.00 -250.50 349.00
v -6.00 -253.00 358.00
v 774.00 -253.00 358.00
v 774.00 -250.50 358.00
v -6.00 -250.50 358.00
v -6.00 -253.00 336.00
v 774.00 -253.00 336.00
v 774.00 -250.50 336.00
v -6.00 -250.50 336.00
v -6.00 -253.00 345.00
v 774.00 -253.00 345.00
v 774.00 -250.50 345.00
v -6.00 -250.50 345.00
v -6.00 -253.00 323.00
v 774.00 -253.00 323.00
v 774.00 -250.50 323.00
v -6.00 -250.50 323.00
v -6.00 -253.00 332.00
v 774.00 -253.00 332.00
v 774.00 -250.50 332.00
v -6.00 -250.50 332.00
v -6.00 -253.50 410.00
v 774.00 -253.50 410.00
v 774.00 -241.50 410.00
v -6.00 -241.50 410.00
v -6.00 -253.50 414.00
v 774.00 -253.50 414.00
v 774.00 -241.50 414.00
v -6.00 -241.50 414.00
v 781.00 -246.00 401.00
v 781.00 -6.00 401.00
v 778.50 -6.00 401.00
v 778.50 -246.00 401.00
v 781.00 -246.00 410.00
v 781.00 -6.00 410.00
v 778.50 -6.00 410.00
v 778.50 -246.00 410.00
v 781.00 -246.00 388.00
v 781.00 -6.00 388.00
v 778.50 -6.00 388.00
v 778.50 -246.00 388.00
v 781.00 -246.00 397.00
v 781.00 -6.00 397.00
v 778.50 -6.00 397.00
v 778.50 -246.00 397.00
v 781.00 -246.00 375.00
v 781.00 -6.00 375.00
v 778.50 -6.00 375.00
v 778.50 -246.00 375.00
v 781.00 -246.00 384.00
v 781.00 -6.00 384.00
v 778.50 -6.00 384.00
v 778.50 -246.00 384.00
v 781.00 -246.00 362.00
v 781.00 -6.00 362.00
v 778.50 -6.00 362.00
v 778.50 -246.00 362.00
v 781.00 -246.00 371.00
v 781.00 -6.00 371.00
v 778.50 -6.00 371.00
v 778.50 -246.00 371.00
v 781.00 -246.00 349.00
v 781.00 -6.00 349.00
v 778.50 -6.00 349.00
v 778.50 -246.00 349.00
v 781.00 -246.00 358.00
v 781.00 -6.00 358.00
v 778.50 -6.00 358.00
v 778.50 -246.00 358.00
v 781.00 -246.00 336.00
v 781.00 -6.00 336.00
v 778.50 -6.00 336.00
v 778.50 -246.00 336.00
v 781.00 -246.00 345.00
v 781.00 -6.00 345.00
v 778.50 -6.00 345.00
v 778.50 -246.00 345.00
v 781.00 -246.00 323.00
v 781.00 -6.00 323.00
v 778.50 -6.00 323.00
v 778.50 -246.00 323.00
v 781.00 -246.00 332.00
v 781.00 -6.00 332.00
v 778.50 -6.00 332.00
v 778.50 -246.00 332.00
v 781.50 -246.00 410.00
v 781.50 -6.00 410.00
v 769.50 -6.00 410.00
v 769.50 -246.00 410.00
v 781.50 -246.00 414.00
v 781.50 -6.00 414.00
v 769.50 -6.00 414.00
v 769.50 -246.00 414.00
v -13.00 -6.00 401.00
v -13.00 -246.00 401.00
v -10.50 -246.00 401.00
v -10.50 -6.00 401.00
v -13.00 -6.00 410.00
v -13.00 -246.00 410.00
v -10.50 -246.00 410.00
v -10.50 -6.00 410.00
v -13.00 -6.00 388.00
v -13.00 -246.00 388.00
v -10.50 -246.00 388.00
v -10.50 -6.00 388.00
v -13.00 -6.00 397.00
v -13.00 -246.00 397.00
v -10.50 -246.00 397.00
v -10.50 -6.00 397.00
v -13.00 -6.00 375.00
v -13.00 -246.00 375.00
v -10.50 -246.00 375.00
v -10.50 -6.00 375.00
v -13.00 -6.00 384.00
v -13.00 -246.00 384.00
v -10.50 -246.00 384.00
v -10.50 -6.00 384.00
v -13.00 -6.00 362.00
v -13.00 -246.00 362.00
v -10.50 -246.00 362.00
v -10.50 -6.00 362.00
v -13.00 -6.00 371.00
v -13.00 -246.00 371.00
v -10.50 -246.00 371.00
v -10.50 -6.00 371.00
v -13.00 -6.00 349.00
v -13.00 -246.00 349.00
v -10.50 -246.00 349.00
v -10.50 -6.00 349.00
v -13.00 -6.00 358.00
v -13.00 -246.00 358.00
v -10.50 -246.00 358.00
v -10.50 -6.00 358.00
v -13.00 -6.00 336.00
v -13.00 -246.00 336.00
v -10.50 -246.00 336.00
v -10.50 -6.00 336.00
v -13.00 -6.00 345.00
v -13.00 -246.00 345.00
v -10.50 -246.00 345.00
v -10.50 -6.00 345.00
v -13.00 -6.00 323.00
v -13.00 -246.00 323.00
v -10.50 -246.00 323.00
v -10.50 -6.00 323.00
v -13.00 -6.00 332.00
v -13.00 -246.00 332.00
v -10.50 -246.00 332.00
v -10.50 -6.00 332.00
v -13.50 -6.00 410.00
v -13.50 -246.00 410.00
v -1.50 -246.00 410.00
v -1.50 -6.00 410.00
v -13.50 -6.00 414.00
v -13.50 -246.00 414.00
v -1.50 -246.00 414.00
v -1.50 -6.00 414.00
usemtl wood
f 12 11 10 9
f 13 14 15 16
f 9 10 14 13
f 10 11 15 14
f 11 12 16 15
f 12 9 13 16
f 20 19 18 17
f 21 22 23 24
f 17 18 22 21
f 18 19 23 22
f 19 20 24 23
f 20 17 21 24
f 28 27 26 25
f 29 30 31 32
f 25 26 30 29
f 26 27 31 30
f 27 28 32 31
f 28 25 29 32
f 36 35 34 33
f 37 38 39 40
f 33 34 38 37
f 34 35 39 38
f 35 36 40 39
f 36 33 37 40
f 44 43 42 41
f 45 46 47 48
f 41 42 46 45
f 42 43 47 46
f 43 44 48 47
f 44 41 45 48
f 52 51 50 49
f 53 54 55 56
f 49 50 54 53
f 50 51 55 54
f 51 52 56 55
f 52 49 53 56
f 60 59 58 57
f 61 62 63 64
f 57 58 62 61
f 58 59 63 62
f 59 60 64 63
f 60 57 61 64
f 68 67 66 65
f 69 70 71 72
f 65 66 70 69
f 66 67 71 70
f 67 68 72 71
f 68 65 69 72
f 76 75 74 73
f 77 78 79 80
f 73 74 78 77
f 74 75 79 78
f 75 76 80 79
f 76 73 77 80
f 84 83 82 81
f 85 86 87 88
f 81 82 86 85
f 82 83 87 86
f 83 84 88 87
f 84 81 85 88
f 92 91 90 89
f 93 94 95 96
f 89 90 94 93
f 90 91 95 94
f 91 92 96 95
f 92 89 93 96
f 100 99 98 97
f 101 102 103 104
f 97 98 102 101
f 98 99 103 102
f 99 100 104 103
f 100 97 101 104
f 108 107 106 105
f 109 110 111 112
f 105 106 110 109
f 106 107 111 110
f 107 108 112 111
f 108 105 109 112
f 116 115 114 113
f 117 118 119 120
f 113 114 118 117
f 114 115 119 118
f 115 116 120 119
f 116 113 117 120
f 124 123 122 121
f 125 126 127 128
f 121 122 126 125
f 122 123 127 126
f 123 124 128 127
f 124 121 125 128
f 132 131 130 129
f 133 134 135 136
f 129 130 134 133
f 130 131 135 134
f 131 132 136 135
f 132 129 133 136
f 140 139 138 137
f 141 142 143 144
f 137 138 142 141
f 138 139 143 142
f 139 140 144 143
f 140 137 141 144
f 148 147 146 145
f 149 150 151 152
f 145 146 150 149
f 146 147 151 150
f 147 148 152 151
f 148 145 149 152
f 156 155 154 153
f 157 158 159 160
f 153 154 158 157
f 154 155 159 158
f 155 156 160 159
f 156 153 157 160
f 164 163 162 161
f 165 166 167 168
f 161 162 166 165
f 162 163 167 166
f 163 164 168 167
f 164 161 165 168
f 172 171 170 169
f 173 174 175 176
f 169 170 174 173
f 170 171 175 174
f 171 172 176 175
f 172 169 173 176
f 180 179 178 177
f 181 182 183 184
f 177 178 182 181
f 178 179 183 182
f 179 180 184 183
f 180 177 181 184
f 188 187 186 185
f 189 190 191 192
f 185 186 190 189
f 186 187 191 190
f 187 188 192 191
f 188 185 189 192
f 196 195 194 193
f 197 198 199 200
f 193 194 198 197
f 194 195 199 198
f 195 196 200 199
f 196 193 197 200
f 204 203 202 201
f 205 206 207 208
f 201 202 206 205
f 202 203 207 206
f 203 204 208 207
f 204 201 205 208
f 212 211 210 209
f 213 214 215 216
f 209 210 214 213
f 210 211 215 214
f 211 212 216 215
f 212 209 213 216
f 220 219 218 217
f 221 222 223 224
f 217 218 222 221
f 218 219 223 222
f 219 220 224 223
f 220 217 221 224
f 228 227 226 225
f 229 230 231 232
f 225 226 230 229
f 226 227 231 230
f 227 228 232 231
f 228 225 229 232
f 236 235 234 233
f 237 238 239 240
f 233 234 238 237
f 234 235 239 238
f 235 236 240 239
f 236 233 237 240
f 244 243 242 241
f 245 246 247 248
f 241 242 246 245
f 242 243 247 246
f 243 244 248 247
f 244 241 245 248
f 252 251 250 249
f 253 254 255 256
f 249 250 254 253
f 250 251 255 254
f 251 252 256 255
f 252 249 253 256
f 260 259 258 257
f 261 262 263 264
f 257 258 262 261
f 258 259 263 262
f 259 260 264 263
f 260 257 261 264
f 268 267 266 265
f 269 270 271 272
f 265 266 270 269
f 266 267 271 270
f 267 268 272 271
f 268 265 269 272
f 276 275 274 273
f 277 278 279 280
f 273 274 278 277
f 274 275 279 278
f 275 276 280 279
f 276 273 277 280
f 285 284 283 282 281
f 286 287 288 289 290
f 281 282 287 286
f 282 283 288 287
f 283 284 289 288
f 289 290 285 284
f 285 281 286 290
f 295 294 293 292 291
f 296 297 298 299 300
f 291 292 297 296
f 297 298 293 292
f 293 294 299 298
f 294 295 300 299
f 295 291 296 300
f 304 303 302 301
f 305 306 307 308
f 301 302 306 305
f 302 303 307 306
f 303 304 308 307
f 304 301 305 308
f 312 311 310 309
f 313 314 315 316
f 309 310 314 313
f 310 311 315 314
f 311 312 316 315
f 312 309 313 316
f 320 319 318 317
f 321 322 323 324
f 317 318 322 321
f 318 319 323 322
f 319 320 324 323
f 320 317 321 324
f 328 327 326 325
f 329 330 331 332
f 325 326 330 329
f 326 327 331 330
f 327 328 332 331
f 328 325 329 332
f 336 335 334 333
f 337 338 339 340
f 333 334 338 337
f 334 335 339 338
f 335 336 340 339
f 336 333 337 340
f 344 343 342 341
f 345 346 347 348
f 341 342 346 345
f 342 343 347 346
f 343 344 348 347
f 344 341 345 348
f 352 351 350 349
f 353 354 355 356
f 349 350 354 353
f 350 351 355 354
f 351 352 356 355
f 352 349 353 356
f 360 359 358 357
f 361 362 363 364
f 357 358 362 361
f 358 359 363 362
f 359 360 364 363
f 360 357 361 364
f 368 367 366 365
f 369 370 371 372
f 365 366 370 369
f 366 367 371 370
f 367 368 372 371
f 368 365 369 372
f 376 375 374 373
f 377 378 379 380
f 373 374 378 377
f 374 375 379 378
f 375 376 380 379
f 376 373 377 380
f 384 383 382 381
f 385 386 387 388
f 381 382 386 385
f 382 383 387 386
f 383 384 388 387
f 384 381 385 388
f 392 391 390 389
f 393 394 395 396
f 389 390 394 393
f 390 391 395 394
f 391 392 396 395
f 392 389 393 396
f 400 399 398 397
f 401 402 403 404
f 397 398 402 401
f 398 399 403 402
f 399 400 404 403
f 400 397 401 404
f 408 407 406 405
f 409 410 411 412
f 405 406 410 409
f 406 407 411 410
f 407 408 412 411
f 408 405 409 412
f 416 415 414 413
f 417 418 419 420
f 413 414 418 417
f 414 415 419 418
f 415 416 420 419
f 416 413 417 420
f 424 423 422 421
f 425 426 427 428
f 421 422 426 425
f 422 423 427 426
f 423 424 428 427
f 424 421 425 428
f 432 431 430 429
f 433 434 435 436
f 429 430 434 433
f 430 431 435 434
f 431 432 436 435
f 432 429 433 436
f 440 439 438 437
f 441 442 443 444
f 437 438 442 441
f 438 439 443 442
f 439 440 444 443
f 440 437 441 444
f 448 447 446 445
f 449 450 451 452
f 445 446 450 449
f 446 447 451 450
f 447 448 452 451
f 448 445 449 452
f 456 455 454 453
f 457 458 459 460
f 453 454 458 457
f 454 455 459 458
f 455 456 460 459
f 456 453 457 460
f 461 462 463
f 466 465 464
f 464 465 462 461
f 465 466 463 462
f 466 464 461 463
f 470 469 468 467
f 471 472 473 474
f 467 468 472 471
f 468 469 473 472
f 469 470 474 473
f 470 467 471 474
f 478 477 476 475
f 479 480 481 482
f 475 476 480 479
f 476 477 481 480
f 477 478 482 481
f 478 475 479 482
f 486 485 484 483
f 487 488 489 490
f 483 484 488 487
f 484 485 489 488
f 485 486 490 489
f 486 483 487 490
f 494 493 492 491
f 495 496 497 498
f 491 492 496 495
f 492 493 497 496
f 493 494 498 497
f 494 491 495 498
f 502 501 500 499
f 503 504 505 506
f 499 500 504 503
f 500 501 505 504
f 501 502 506 505
f 502 499 503 506
f 510 509 508 507
f 511 512 513 514
f 507 508 512 511
f 508 509 513 512
f 509 510 514 513
f 510 507 511 514
f 518 517 516 515
f 519 520 521 522
f 515 516 520 519
f 516 517 521 520
f 517 518 522 521
f 518 515 519 522
f 526 525 524 523
f 527 528 529 530
f 523 524 528 527
f 524 525 529 528
f 525 526 530 529
f 526 523 527 530
f 534 533 532 531
f 535 536 537 538
f 531 532 536 535
f 532 533 537 536
f 533 534 538 537
f 534 531 535 538
f 542 541 540 539
f 543 544 545 546
f 539 540 544 543
f 540 541 545 544
f 541 542 546 545
f 542 539 543 546
f 550 549 548 547
f 551 552 553 554
f 547 548 552 551
f 548 549 553 552
f 549 550 554 553
f 550 547 551 554
f 558 557 556 555
f 559 560 561 562
f 555 556 560 559
f 556 557 561 560
f 557 558 562 561
f 558 555 559 562
f 566 565 564 563
f 567 568 569 570
f 563 564 568 567
f 564 565 569 568
f 565 566 570 569
f 566 563 567 570
f 574 573 572 571
f 575 576 577 578
f 571 572 576 575
f 572 573 577 576
f 573 574 578 577
f 574 571 575 578
f 582 581 580 579
f 583 584 585 586
f 579 580 584 583
f 580 581 585 584
f 581 582 586 585
f 582 579 583 586
f 590 589 588 587
f 591 592 593 594
f 587 588 592 591
f 588 589 593 592
f 589 590 594 593
f 590 587 591 594
f 598 597 596 595
f 599 600 601 602
f 595 596 600 599
f 596 597 601 600
f 597 598 602 601
f 598 595 599 602
f 606 605 604 603
f 607 608 609 610
f 603 604 608 607
f 604 605 609 608
f 605 606 610 609
f 606 603 607 610
f 614 613 612 611
f 615 616 617 618
f 611 612 616 615
f 612 613 617 616
f 613 614 618 617
f 614 611 615 618
f 622 621 620 619
f 623 624 625 626
f 619 620 624 623
f 620 621 625 624
f 621 622 626 625
f 622 619 623 626
f 630 629 628 627
f 631 632 633 634
f 627 628 632 631
f 628 629 633 632
f 629 630 634 633
f 630 627 631 634
f 638 637 636 635
f 639 640 641 642
f 635 636 640 639
f 636 637 641 640
f 637 638 642 641
f 638 635 639 642
f 646 645 644 643
f 647 648 649 650
f 643 644 648 647
f 644 645 649 648
f 645 646 650 649
f 646 643 647 650
f 654 653 652 651
f 655 656 657 658
f 651 652 656 655
f 652 653 657 656
f 653 654 658 657
f 654 651 655 658
f 662 661 660 659
f 663 664 665 666
f 659 660 664 663
f 660 661 665 664
f 661 662 666 665
f 662 659 663 666
f 670 669 668 667
f 671 672 673 674
f 667 668 672 671
f 668 669 673 672
f 669 670 674 673
f 670 667 671 674
f 678 677 676 675
f 679 680 681 682
f 675 676 680 679
f 676 677 681 680
f 677 678 682 681
f 678 675 679 682
f 686 685 684 683
f 687 688 689 690
f 683 684 688 687
f 684 685 689 688
f 685 686 690 689
f 686 683 687 690
f 694 693 692 691
f 695 696 697 698
f 691 692 696 695
f 692 693 697 696
f 693 694 698 697
f 694 691 695 698
f 702 701 700 699
f 703 704 705 706
f 699 700 704 703
f 700 701 705 704
f 701 702 706 705
f 702 699 703 706
f 707 708 709
f 712 711 710
f 710 711 708 707
f 711 712 709 708
f 712 710 707 709
f 715 714 713
f 716 717 718
f 713 714 717 716
f 714 715 718 717
f 715 713 716 718
f 722 721 720 719
f 723 724 725 726
f 719 720 724 723
f 720 721 725 724
f 721 722 726 725
f 722 719 723 726
f 730 729 728 727
f 731 732 733 734
f 727 728 732 731
f 728 729 733 732
f 729 730 734 733
f 730 727 731 734
f 738 737 736 735
f 739 740 741 742
f 735 736 740 739
f 736 737 741 740
f 737 738 742 741
f 738 735 739 742
f 746 745 744 743
f 747 748 749 750
f 743 744 748 747
f 744 745 749 748
f 745 746 750 749
f 746 743 747 750
f 754 753 752 751
f 755 756 757 758
f 751 752 756 755
f 752 753 757 756
f 753 754 758 757
f 754 751 755 758
f 762 761 760 759
f 763 764 765 766
f 759 760 764 763
f 760 761 765 764
f 761 762 766 765
f 762 759 763 766
f 770 769 768 767
f 771 772 773 774
f 767 768 772 771
f 768 769 773 772
f 769 770 774 773
f 770 767 771 774
f 778 777 776 775
f 779 780 781 782
f 775 776 780 779
f 776 777 781 780
f 777 778 782 781
f 778 775 779 782
f 786 785 784 783
f 787 788 789 790
f 783 784 788 787
f 784 785 789 788
f 785 786 790 789
f 786 783 787 790
f 794 793 792 791
f 795 796 797 798
f 791 792 796 795
f 792 793 797 796
f 793 794 798 797
f 794 791 795 798
f 802 801 800 799
f 803 804 805 806
f 799 800 804 803
f 800 801 805 804
f 801 802 806 805
f 802 799 803 806
f 810 809 808 807
f 811 812 813 814
f 807 808 812 811
f 808 809 813 812
f 809 810 814 813
f 810 807 811 814
f 818 817 816 815
f 819 820 821 822
f 815 816 820 819
f 816 817 821 820
f 817 818 822 821
f 818 815 819 822
f 826 825 824 823
f 827 828 829 830
f 823 824 828 827
f 824 825 829 828
f 825 826 830 829
f 826 823 827 830
f 834 833 832 831
f 835 836 837 838
f 831 832 836 835
f 832 833 837 836
f 833 834 838 837
f 834 831 835 838
f 842 841 840 839
f 843 844 845 846
f 839 840 844 843
f 840 841 845 844
f 841 842 846 845
f 842 839 843 846
f 850 849 848 847
f 851 852 853 854
f 847 848 852 851
f 848 849 853 852
f 849 850 854 853
f 850 847 851 854
f 858 857 856 855
f 859 860 861 862
f 855 856 860 859
f 856 857 861 860
f 857 858 862 861
f 858 855 859 862
f 866 865 864 863
f 867 868 869 870
f 863 864 868 867
f 864 865 869 868
f 865 866 870 869
f 866 863 867 870
f 874 873 872 871
f 875 876 877 878
f 871 872 876 875
f 872 873 877 876
f 873 874 878 877
f 874 871 875 878
f 882 881 880 879
f 883 884 885 886
f 879 880 884 883
f 880 881 885 884
f 881 882 886 885
f 882 879 883 886
f 890 889 888 887
f 891 892 893 894
f 887 888 892 891
f 888 889 893 892
f 889 890 894 893
f 890 887 891 894
f 898 897 896 895
f 899 900 901 902
f 895 896 900 899
f 896 897 901 900
f 897 898 902 901
f 898 895 899 902
f 906 905 904 903
f 907 908 909 910
f 903 904 908 907
f 904 905 909 908
f 905 906 910 909
f 906 903 907 910
f 914 913 912 911
f 915 916 917 918
f 911 912 916 915
f 912 913 917 916
f 913 914 918 917
f 914 911 915 918
f 922 921 920 919
f 923 924 925 926
f 919 920 924 923
f 920 921 925 924
f 921 922 926 925
f 922 919 923 926
f 930 929 928 927
f 931 932 933 934
f 927 928 932 931
f 928 929 933 932
f 929 930 934 933
f 930 927 931 934
f 938 937 936 935
f 939 940 941 942
f 935 936 940 939
f 936 937 941 940
f 937 938 942 941
f 938 935 939 942
f 946 945 944 943
f 947 948 949 950
f 943 944 948 947
f 944 945 949 948
f 945 946 950 949
f 946 943 947 950
f 954 953 952 951
f 955 956 957 958
f 951 952 956 955
f 952 953 957 956
f 953 954 958 957
f 954 951 955 958
f 962 961 960 959
f 963 964 965 966
f 959 960 964 963
f 960 961 965 964
f 961 962 966 965
f 962 959 963 966
f 970 969 968 967
f 971 972 973 974
f 967 968 972 971
f 968 969 973 972
f 969 970 974 973
f 970 967 971 974
f 978 977 976 975
f 979 980 981 982
f 975 976 980 979
f 976 977 981 980
f 977 978 982 981
f 978 975 979 982
f 986 985 984 983
f 987 988 989 990
f 983 984 988 987
f 984 985 989 988
f 985 986 990 989
f 986 983 987 990
f 994 993 992 991
f 995 996 997 998
f 991 992 996 995
f 992 993 997 996
f 993 994 998 997
f 994 991 995 998
f 1002 1001 1000 999
f 1003 1004 1005 1006
f 999 1000 1004 1003
f 1000 1001 1005 1004
f 1001 1002 1006 1005
f 1002 999 1003 1006
f 1010 1009 1008 1007
f 1011 1012 1013 1014
f 1007 1008 1012 1011
f 1008 1009 1013 1012
f 1009 1010 1014 1013
f 1010 1007 1011 1014
f 1018 1017 1016 1015
f 1019 1020 1021 1022
f 1015 1016 1020 1019
f 1016 1017 1021 1020
f 1017 1018 1022 1021
f 1018 1015 1019 1022
f 1026 1025 1024 1023
f 1027 1028 1029 1030
f 1023 1024 1028 1027
f 1024 1025 1029 1028
f 1025 1026 1030 1029
f 1026 1023 1027 1030
f 1034 1033 1032 1031
f 1035 1036 1037 1038
f 1031 1032 1036 1035
f 1032 1033 1037 1036
f 1033 1034 1038 1037
f 1034 1031 1035 1038
f 1042 1041 1040 1039
f 1043 1044 1045 1046
f 1039 1040 1044 1043
f 1040 1041 1045 1044
f 1041 1042 1046 1045
f 1042 1039 1043 1046
f 1050 1049 1048 1047
f 1051 1052 1053 1054
f 1047 1048 1052 1051
f 1048 1049 1053 1052
f 1049 1050 1054 1053
f 1050 1047 1051 1054
f 1058 1057 1056 1055
f 1059 1060 1061 1062
f 1055 1056 1060 1059
f 1056 1057 1061 1060
f 1057 1058 1062 1061
f 1058 1055 1059 1062
f 1066 1065 1064 1063
f 1067 1068 1069 1070
f 1063 1064 1068 1067
f 1064 1065 1069 1068
f 1065 1066 1070 1069
f 1066 1063 1067 1070
o glass
v 60.00 -1.00 30.00
v 200.00 -1.00 30.00
v 200.00 1.00 30.00
v 60.00 1.00 30.00
v 60.00 -1.00 240.00
v 200.00 -1.00 240.00
v 200.00 1.00 240.00
v 60.00 1.00 240.00
v 240.00 -1.00 0.00
v 528.00 -1.00 0.00
v 528.00 1.00 0.00
v 240.00 1.00 0.00
v 240.00 -1.00 259.00
v 528.00 -1.00 259.00
v 528.00 1.00 259.00
v 240.00 1.00 259.00
v 568.00 -1.00 30.00
v 708.00 -1.00 30.00
v 708.00 1.00 30.00
v 568.00 1.00 30.00
v 568.00 -1.00 240.00
v 708.00 -1.00 240.00
v 708.00 1.00 240.00
v 568.00 1.00 240.00
v 769.00 120.00 110.00
v 769.00 240.00 110.00
v 767.00 240.00 110.00
v 767.00 120.00 110.00
v 769.00 120.00 210.00
v 769.00 240.00 210.00
v 767.00 240.00 210.00
v 767.00 120.00 210.00
v 440.00 759.00 150.00
v 380.00 759.00 150.00
v 380.00 757.00 150.00
v 440.00 757.00 150.00
v 440.00 759.00 210.00
v 380.00 759.00 210.00
v 380.00 757.00 210.00
v 440.00 757.00 210.00
v 220.00 759.00 100.00
v 100.00 759.00 100.00
v 100.00 757.00 100.00
v 220.00 757.00 100.00
v 220.00 759.00 210.00
v 100.00 759.00 210.00
v 100.00 757.00 210.00
v 220.00 757.00 210.00
v -1.00 670.00 100.00
v -1.00 550.00 100.00
v 1.00 550.00 100.00
v 1.00 670.00 100.00
v -1.00 670.00 210.00
v -1.00 550.00 210.00
v 1.00 550.00 210.00
v 1.00 670.00 210.00
v -1.00 270.00 90.00
v -1.00 110.00 90.00
v 1.00 110.00 90.00
v 1.00 270.00 90.00
v -1.00 270.00 210.00
v -1.00 110.00 210.00
v 1.00 110.00 210.00
v 1.00 270.00 210.00
v 30.00 -1.00 335.00
v 130.00 -1.00 335.00
v 130.00 1.00 335.00
v 30.00 1.00 335.00
v 30.00 -1.00 545.00
v 130.00 -1.00 545.00
v 130.00 1.00 545.00
v 30.00 1.00 545.00
v 156.00 -1.00 305.00
v 384.00 -1.00 305.00
v 384.00 1.00 305.00
v 156.00 1.00 305.00
v 156.00 -1.00 539.00
v 384.00 -1.00 539.00
v 384.00 1.00 539.00
v 156.00 1.00 539.00
v 65.42 -1.00 605.00
v 702.58 -1.00 605.00
v 384.00 -1.00 823.93
v 65.42 1.00 605.00
v 702.58 1.00 605.00
v 384.00 1.00 823.93
v 769.00 60.00 455.00
v 769.00 120.00 455.00
v 767.00 120.00 455.00
v 767.00 60.00 455.00
v 769.00 60.00 515.00
v 769.00 120.00 515.00
v 767.00 120.00 515.00
v 767.00 60.00 515.00
v 769.00 520.00 405.00
v 769.00 620.00 405.00
v 767.00 620.00 405.00
v 767.00 520.00 405.00
v 769.00 520.00 515.00
v 769.00 620.00 515.00
v 767.00 620.00 515.00
v 767.00 520.00 515.00
v 440.00 759.00 455.00
v 380.00 759.00 455.00
v 380.00 757.00 455.00
v 440.00 757.00 455.00
v 440.00 759.00 515.00
v 380.00 759.00 515.00
v 380.00 757.00 515.00
v 440.00 757.00 515.00
v 220.00 759.00 405.00
v 100.00 759.00 405.00
v 100.00 757.00 405.00
v 220.00 757.00 405.00
v 220.00 759.00 515.00
v 100.00 759.00 515.00
v 100.00 757.00 515.00
v 220.00 757.00 515.00
v -1.00 670.00 405.00
v -1.00 550.00 405.00
v 1.00 550.00 405.00
v 1.00 670.00 405.00
v -1.00 670.00 515.00
v -1.00 550.00 515.00
v 1.00 550.00 515.00
v 1.00 670.00 515.00
v -1.00 230.00 405.00
v -1.00 110.00 405.00
v 1.00 110.00 405.00
v 1.00 230.00 405.00
v -1.00 230.00 515.00
v -1.00 110.00 515.00
v 1.00 110.00 515.00
v 1.00 230.00 515.00
v -9.00 204.00 600.00
v -7.50 204.00 600.00
v -7.50 314.00 600.00
v -9.00 314.00 600.00
v -9.00 204.00 705.00
v -7.50 204.00 705.00
v -7.50 314.00 705.00
v -9.00 314.00 705.00
v 775.50 204.00 600.00
v 777.00 204.00 600.00
v 777.00 314.00 600.00
v 775.50 314.00 600.00
v 775.50 204.00 705.00
v 777.00 204.00 705.00
v 777.00 314.00 705.00
v 775.50 314.00 705.00
usemtl glass
f 1074 1073 1072 1071
f 1075 1076 1077 1078
f 1071 1072 1076 1075
f 1072 1073 1077 1076
f 1073 1074 1078 1077
f 1074 1071 1075 1078
f 1082 1081 1080 1079
f 1083 1084 1085 1086
f 1079 1080 1084 1083
f 1080 1081 1085 1084
f 1081 1082 1086 1085
f 1082 1079 1083 1086
f 1090 1089 1088 1087
f 1091 1092 1093 1094
f 1087 1088 1092 1091
f 1088 1089 1093 1092
f 1089 1090 1094 1093
f 1090 1087 1091 1094
f 1098 1097 1096 1095
f 1099 1100 1101 1102
f 1095 1096 1100 1099
f 1096 1097 1101 1100
f 1097 1098 1102 1101
f 1098 1095 1099 1102
f 1106 1105 1104 1103
f 1107 1108 1109 1110
f 1103 1104 1108 1107
f 1104 1105 1109 1108
f 1105 1106 1110 1109
f 1106 1103 1107 1110
f 1114 1113 1112 1111
f 1115 1116 1117 1118
f 1111 1112 1116 1115
f 1112 1113 1117 1116
f 1113 1114 1118 1117
f 1114 1111 1115 1118
f 1122 1121 1120 1119
f 1123 1124 1125 1126
f 1119 1120 1124 1123
f 1120 1121 1125 1124
f 1121 1122 1126 1125
f 1122 1119 1123 1126
f 1130 1129 1128 1127
f 1131 1132 1133 1134
f 1127 1128 1132 1131
f 1128 1129 1133 1132
f 1129 1130 1134 1133
f 1130 1127 1131 1134
f 1138 1137 1136 1135
f 1139 1140 1141 1142
f 1135 1136 1140 1139
f 1136 1137 1141 1140
f 1137 1138 1142 1141
f 1138 1135 1139 1142
f 1146 1145 1144 1143
f 1147 1148 1149 1150
f 1143 1144 1148 1147
f 1144 1145 1149 1148
f 1145 1146 1150 1149
f 1146 1143 1147 1150
f 1151 1152 1153
f 1156 1155 1154
f 1154 1155 1152 1151
f 1155 1156 1153 1152
f 1156 1154 1151 1153
f 1160 1159 1158 1157
f 1161 1162 1163 1164
f 1157 1158 1162 1161
f 1158 1159 1163 1162
f 1159 1160 1164 1163
f 1160 1157 1161 1164
f 1168 1167 1166 1165
f 1169 1170 1171 1172
f 1165 1166 1170 1169
f 1166 1167 1171 1170
f 1167 1168 1172 1171
f 1168 1165 1169 1172
f 1176 1175 1174 1173
f 1177 1178 1179 1180
f 1173 1174 1178 1177
f 1174 1175 1179 1178
f 1175 1176 1180 1179
f 1176 1173 1177 1180
f 1184 1183 1182 1181
f 1185 1186 1187 1188
f 1181 1182 1186 1185
f 1182 1183 1187 1186
f 1183 1184 1188 1187
f 1184 1181 1185 1188
f 1192 1191 1190 1189
f 1193 1194 1195 1196
f 1189 1190 1194 1193
f 1190 1191 1195 1194
f 1191 1192 1196 1195
f 1192 1189 1193 1196
f 1200 1199 1198 1197
f 1201 1202 1203 1204
f 1197 1198 1202 1201
f 1198 1199 1203 1202
f 1199 1200 1204 1203
f 1200 1197 1201 1204
f 1208 1207 1206 1205
f 1209 1210 1211 1212
f 1205 1206 1210 1209
f 1206 1207 1211 1210
f 1207 1208 1212 1211
f 1208 1205 1209 1212
f 1216 1215 1214 1213
f 1217 1218 1219 1220
f 1213 1214 1218 1217
f 1214 1215 1219 1218
f 1215 1216 1220 1219
f 1216 1213 1217 1220
o frame
v 60.00 -8.00 30.00
v 66.00 -8.00 30.00
v 66.00 6.00 30.00
v 60.00 6.00 30.00
v 60.00 -8.00 240.00
v 66.00 -8.00 240.00
v 66.00 6.00 240.00
v 60.00 6.00 240.00
v 194.00 -8.00 30.00
v 200.00 -8.00 30.00
v 200.00 6.00 30.00
v 194.00 6.00 30.00
v 194.00 -8.00 240.00
v 200.00 -8.00 240.00
v 200.00 6.00 240.00
v 194.00 6.00 240.00
v 60.00 -8.00 30.00
v 200.00 -8.00 30.00
v 200.00 6.00 30.00
v 60.00 6.00 30.00
v 60.00 -8.00 36.00
v 200.00 -8.00 36.00
v 200.00 6.00 36.00
v 60.00 6.00 36.00
v 60.00 -8.00 234.00
v 200.00 -8.00 234.00
v 200.00 6.00 234.00
v 60.00 6.00 234.00
v 60.00 -8.00 240.00
v 200.00 -8.00 240.00
v 200.00 6.00 240.00
v 60.00 6.00 240.00
v 60.00 -3.00 212.00
v 200.00 -3.00 212.00
v 200.00 3.00 212.00
v 60.00 3.00 212.00
v 60.00 -3.00 218.00
v 200.00 -3.00 218.00
v 200.00 3.00 218.00
v 60.00 3.00 218.00
v 60.00 -8.00 212.00
v 200.00 -8.00 212.00
v 200.00 6.00 212.00
v 60.00 6.00 212.00
v 60.00 -8.00 218.00
v 200.00 -8.00 218.00
v 200.00 6.00 218.00
v 60.00 6.00 218.00
v 234.00 -8.00 0.00
v 240.00 -8.00 0.00
v 240.00 6.00 0.00
v 234.00 6.00 0.00
v 234.00 -8.00 265.00
v 240.00 -8.00 265.00
v 240.00 6.00 265.00
v 234.00 6.00 265.00
v 528.00 -8.00 0.00
v 534.00 -8.00 0.00
v 534.00 6.00 0.00
v 528.00 6.00 0.00
v 528.00 -8.00 265.00
v 534.00 -8.00 265.00
v 534.00 6.00 265.00
v 528.00 6.00 265.00
v 234.00 -8.00 259.00
v 534.00 -8.00 259.00
v 534.00 6.00 259.00
v 234.00 6.00 259.00
v 234.00 -8.00 265.00
v 534.00 -8.00 265.00
v 534.00 6.00 265.00
v 234.00 6.00 265.00
v 331.00 -3.00 0.00
v 337.00 -3.00 0.00
v 337.00 3.00 0.00
v 331.00 3.00 0.00
v 331.00 -3.00 265.00
v 337.00 -3.00 265.00
v 337.00 3.00 265.00
v 331.00 3.00 265.00
v 431.00 -3.00 0.00
v 437.00 -3.00 0.00
v 437.00 3.00 0.00
v 431.00 3.00 0.00
v 431.00 -3.00 265.00
v 437.00 -3.00 265.00
v 437.00 3.00 265.00
v 431.00 3.00 265.00
v 234.00 -3.00 0.00
v 534.00 -3.00 0.00
v 534.00 3.00 0.00
v 234.00 3.00 0.00
v 234.00 -3.00 5.00
v 534.00 -3.00 5.00
v 534.00 3.00 5.00
v 234.00 3.00 5.00
v 234.00 -8.00 212.00
v 534.00 -8.00 212.00
v 534.00 6.00 212.00
v 234.00 6.00 212.00
v 234.00 -8.00 218.00
v 534.00 -8.00 218.00
v 534.00 6.00 218.00
v 234.00 6.00 218.00
v 568.00 -8.00 30.00
v 574.00 -8.00 30.00
v 574.00 6.00 30.00
v 568.00 6.00 30.00
v 568.00 -8.00 240.00
v 574.00 -8.00 240.00
v 574.00 6.00 240.00
v 568.00 6.00 240.00
v 702.00 -8.00 30.00
v 708.00 -8.00 30.00
v 708.00 6.00 30.00
v 702.00 6.00 30.00
v 702.00 -8.00 240.00
v 708.00 -8.00 240.00
v 708.00 6.00 240.00
v 702.00 6.00 240.00
v 568.00 -8.00 30.00
v 708.00 -8.00 30.00
v 708.00 6.00 30.00
v 568.00 6.00 30.00
v 568.00 -8.00 36.00
v 708.00 -8.00 36.00
v 708.00 6.00 36.00
v 568.00 6.00 36.00
v 568.00 -8.00 234.00
v 708.00 -8.00 234.00
v 708.00 6.00 234.00
v 568.00 6.00 234.00
v 568.00 -8.00 240.00
v 708.00 -8.00 240.00
v 708.00 6.00 240.00
v 568.00 6.00 240.00
v 568.00 -3.00 212.00
v 708.00 -3.00 212.00
v 708.00 3.00 212.00
v 568.00 3.00 212.00
v 568.00 -3.00 218.00
v 708.00 -3.00 218.00
v 708.00 3.00 218.00
v 568.00 3.00 218.00
v 568.00 -8.00 212.00
v 708.00 -8.00 212.00
v 708.00 6.00 212.00
v 568.00 6.00 212.00
v 568.00 -8.00 218.00
v 708.00 -8.00 218.00
v 708.00 6.00 218.00
v 568.00 6.00 218.00
v 776.00 120.00 110.00
v 776.00 126.00 110.00
v 762.00 126.00 110.00
v 762.00 120.00 110.00
v 776.00 120.00 210.00
v 776.00 126.00 210.00
v 762.00 126.00 210.00
v 762.00 120.00 210.00
v 776.00 234.00 110.00
v 776.00 240.00 110.00
v 762.00 240.00 110.00
v 762.00 234.00 110.00
v 776.00 234.00 210.00
v 776.00 240.00 210.00
v 762.00 240.00 210.00
v 762.00 234.00 210.00
v 776.00 120.00 110.00
v 776.00 240.00 110.00
v 762.00 240.00 110.00
v 762.00 120.00 110.00
v 776.00 120.00 116.00
v 776.00 240.00 116.00
v 762.00 240.00 116.00
v 762.00 120.00 116.00
v 776.00 120.00 204.00
v 776.00 240.00 204.00
v 762.00 240.00 204.00
v 762.00 120.00 204.00
v 776.00 120.00 210.00
v 776.00 240.00 210.00
v 762.00 240.00 210.00
v 762.00 120.00 210.00
v 440.00 766.00 150.00
v 434.00 766.00 150.00
v 434.00 752.00 150.00
v 440.00 752.00 150.00
v 440.00 766.00 210.00
v 434.00 766.00 210.00
v 434.00 752.00 210.00
v 440.00 752.00 210.00
v 386.00 766.00 150.00
v 380.00 766.00 150.00
v 380.00 752.00 150.00
v 386.00 752.00 150.00
v 386.00 766.00 210.00
v 380.00 766.00 210.00
v 380.00 752.00 210.00
v 386.00 752.00 210.00
v 440.00 766.00 150.00
v 380.00 766.00 150.00
v 380.00 752.00 150.00
v 440.00 752.00 150.00
v 440.00 766.00 156.00
v 380.00 766.00 156.00
v 380.00 752.00 156.00
v 440.00 752.00 156.00
v 440.00 766.00 204.00
v 380.00 766.00 204.00
v 380.00 752.00 204.00
v 440.00 752.00 204.00
v 440.00 766.00 210.00
v 380.00 766.00 210.00
v 380.00 752.00 210.00
v 440.00 752.00 210.00
v 220.00 766.00 100.00
v 214.00 766.00 100.00
v 214.00 752.00 100.00
v 220.00 752.00 100.00
v 220.00 766.00 210.00
v 214.00 766.00 210.00
v 214.00 752.00 210.00
v 220.00 752.00 210.00
v 106.00 766.00 100.00
v 100.00 766.00 100.00
v 100.00 752.00 100.00
v 106.00 752.00 100.00
v 106.00 766.00 210.00
v 100.00 766.00 210.00
v 100.00 752.00 210.00
v 106.00 752.00 210.00
v 220.00 766.00 100.00
v 100.00 766.00 100.00
v 100.00 752.00 100.00
v 220.00 752.00 100.00
v 220.00 766.00 106.00
v 100.00 766.00 106.00
v 100.00 752.00 106.00
v 220.00 752.00 106.00
v 220.00 766.00 204.00
v 100.00 766.00 204.00
v 100.00 752.00 204.00
v 220.00 752.00 204.00
v 220.00 766.00 210.00
v 100.00 766.00 210.00
v 100.00 752.00 210.00
v 220.00 752.00 210.00
v -8.00 670.00 100.00
v -8.00 664.00 100.00
v 6.00 664.00 100.00
v 6.00 670.00 100.00
v -8.00 670.00 210.00
v -8.00 664.00 210.00
v 6.00 664.00 210.00
v 6.00 670.00 210.00
v -8.00 556.00 100.00
v -8.00 550.00 100.00
v 6.00 550.00 100.00
v 6.00 556.00 100.00
v -8.00 556.00 210.00
v -8.00 550.00 210.00
v 6.00 550.00 210.00
v 6.00 556.00 210.00
v -8.00 670.00 100.00
v -8.00 550.00 100.00
v 6.00 550.00 100.00
v 6.00 670.00 100.00
v -8.00 670.00 106.00
v -8.00 550.00 106.00
v 6.00 550.00 106.00
v 6.00 670.00 106.00
v -8.00 670.00 204.00
v -8.00 550.00 204.00
v 6.00 550.00 204.00
v 6.00 670.00 204.00
v -8.00 670.00 210.00
v -8.00 550.00 210.00
v 6.00 550.00 210.00
v 6.00 670.00 210.00
v -8.00 270.00 90.00
v -8.00 264.00 90.00
v 6.00 264.00 90.00
v 6.00 270.00 90.00
v -8.00 270.00 210.00
v -8.00 264.00 210.00
v 6.00 264.00 210.00
v 6.00 270.00 210.00
v -8.00 116.00 90.00
v -8.00 110.00 90.00
v 6.00 110.00 90.00
v 6.00 116.00 90.00
v -8.00 116.00 210.00
v -8.00 110.00 210.00
v 6.00 110.00 210.00
v 6.00 116.00 210.00
v -8.00 270.00 90.00
v -8.00 110.00 90.00
v 6.00 110.00 90.00
v 6.00 270.00 90.00
v -8.00 270.00 96.00
v -8.00 110.00 96.00
v 6.00 110.00 96.00
v 6.00 270.00 96.00
v -8.00 270.00 204.00
v -8.00 110.00 204.00
v 6.00 110.00 204.00
v 6.00 270.00 204.00
v -8.00 270.00 210.00
v -8.00 110.00 210.00
v 6.00 110.00 210.00
v 6.00 270.00 210.00
v 344.00 440.00 0.00
v 344.00 446.00 0.00
v 330.00 446.00 0.00
v 330.00 440.00 0.00
v 344.00 440.00 210.00
v 344.00 446.00 210.00
v 330.00 446.00 210.00
v 330.00 440.00 210.00
v 344.00 514.00 0.00
v 344.00 520.00 0.00
v 330.00 520.00 0.00
v 330.00 514.00 0.00
v 344.00 514.00 210.00
v 344.00 520.00 210.00
v 330.00 520.00 210.00
v 330.00 514.00 210.00
v 344.00 440.00 204.00
v 344.00 520.00 204.00
v 330.00 520.00 204.00
v 330.00 440.00 204.00
v 344.00 440.00 210.00
v 344.00 520.00 210.00
v 330.00 520.00 210.00
v 330.00 440.00 210.00
v 376.00 538.00 0.00
v 382.00 538.00 0.00
v 382.00 552.00 0.00
v 376.00 552.00 0.00
v 376.00 538.00 210.00
v 382.00 538.00 210.00
v 382.00 552.00 210.00
v 376.00 552.00 210.00
v 440.00 538.00 0.00
v 446.00 538.00 0.00
v 446.00 552.00 0.00
v 440.00 552.00 0.00
v 440.00 538.00 210.00
v 446.00 538.00 210.00
v 446.00 552.00 210.00
v 440.00 552.00 210.00
v 376.00 538.00 204.00
v 446.00 538.00 204.00
v 446.00 552.00 204.00
v 376.00 552.00 204.00
v 376.00 538.00 210.00
v 446.00 538.00 210.00
v 446.00 552.00 210.00
v 376.00 552.00 210.00
v 30.00 -8.00 335.00
v 36.00 -8.00 335.00
v 36.00 6.00 335.00
v 30.00 6.00 335.00
v 30.00 -8.00 545.00
v 36.00 -8.00 545.00
v 36.00 6.00 545.00
v 30.00 6.00 545.00
v 124.00 -8.00 335.00
v 130.00 -8.00 335.00
v 130.00 6.00 335.00
v 124.00 6.00 335.00
v 124.00 -8.00 545.00
v 130.00 -8.00 545.00
v 130.00 6.00 545.00
v 124.00 6.00 545.00
v 30.00 -8.00 335.00
v 130.00 -8.00 335.00
v 130.00 6.00 335.00
v 30.00 6.00 335.00
v 30.00 -8.00 341.00
v 130.00 -8.00 341.00
v 130.00 6.00 341.00
v 30.00 6.00 341.00
v 30.00 -8.00 539.00
v 130.00 -8.00 539.00
v 130.00 6.00 539.00
v 30.00 6.00 539.00
v 30.00 -8.00 545.00
v 130.00 -8.00 545.00
v 130.00 6.00 545.00
v 30.00 6.00 545.00
v 150.00 -8.00 305.00
v 156.00 -8.00 305.00
v 156.00 6.00 305.00
v 150.00 6.00 305.00
v 150.00 -8.00 545.00
v 156.00 -8.00 545.00
v 156.00 6.00 545.00
v 150.00 6.00 545.00
v 384.00 -8.00 305.00
v 390.00 -8.00 305.00
v 390.00 6.00 305.00
v 384.00 6.00 305.00
v 384.00 -8.00 545.00
v 390.00 -8.00 545.00
v 390.00 6.00 545.00
v 384.00 6.00 545.00
v 150.00 -8.00 539.00
v 390.00 -8.00 539.00
v 390.00 6.00 539.00
v 150.00 6.00 539.00
v 150.00 -8.00 545.00
v 390.00 -8.00 545.00
v 390.00 6.00 545.00
v 150.00 6.00 545.00
v 267.00 -3.00 305.00
v 273.00 -3.00 305.00
v 273.00 3.00 305.00
v 267.00 3.00 305.00
v 267.00 -3.00 545.00
v 273.00 -3.00 545.00
v 273.00 3.00 545.00
v 267.00 3.00 545.00
v 150.00 -3.00 305.00
v 390.00 -3.00 305.00
v 390.00 3.00 305.00
v 150.00 3.00 305.00
v 150.00 -3.00 310.00
v 390.00 -3.00 310.00
v 390.00 3.00 310.00
v 150.00 3.00 310.00
v 65.42 -4.00 605.00
v 702.58 -4.00 605.00
v 702.58 4.00 605.00
v 65.42 4.00 605.00
v 65.42 -4.00 610.00
v 702.58 -4.00 610.00
v 702.58 4.00 610.00
v 65.42 4.00 610.00
v 62.59 -4.00 609.12
v 381.17 -4.00 828.05
v 386.83 -4.00 819.81
v 68.25 -4.00 600.88
v 62.59 4.00 609.12
v 381.17 4.00 828.05
v 386.83 4.00 819.81
v 68.25 4.00 600.88
v 386.83 -4.00 828.05
v 705.41 -4.00 609.12
v 699.75 -4.00 600.88
v 381.17 -4.00 819.81
v 386.83 4.00 828.05
v 705.41 4.00 609.12
v 699.75 4.00 600.88
v 381.17 4.00 819.81
v 161.61 -4.00 605.00
v 166.61 -4.00 605.00
v 166.61 4.00 605.00
v 161.61 4.00 605.00
v 161.61 -4.00 671.57
v 166.61 -4.00 671.57
v 166.61 4.00 671.57
v 161.61 4.00 671.57
v 176.61 -4.00 605.00
v 181.61 -4.00 605.00
v 181.61 4.00 605.00
v 176.61 4.00 605.00
v 176.61 -4.00 681.69
v 181.61 -4.00 681.69
v 181.61 4.00 681.69
v 176.61 4.00 681.69
v 267.81 -4.00 605.00
v 272.81 -4.00 605.00
v 272.81 4.00 605.00
v 267.81 4.00 605.00
v 267.81 -4.00 743.20
v 272.81 -4.00 743.20
v 272.81 4.00 743.20
v 267.81 4.00 743.20
v 282.81 -4.00 605.00
v 287.81 -4.00 605.00
v 287.81 4.00 605.00
v 282.81 4.00 605.00
v 282.81 -4.00 753.32
v 287.81 -4.00 753.32
v 287.81 4.00 753.32
v 282.81 4.00 753.32
v 374.00 -4.00 605.00
v 379.00 -4.00 605.00
v 379.00 4.00 605.00
v 374.00 4.00 605.00
v 374.00 -4.00 814.83
v 379.00 -4.00 814.83
v 379.00 4.00 814.83
v 374.00 4.00 814.83
v 389.00 -4.00 605.00
v 394.00 -4.00 605.00
v 394.00 4.00 605.00
v 389.00 4.00 605.00
v 389.00 -4.00 814.83
v 394.00 -4.00 814.83
v 394.00 4.00 814.83
v 389.00 4.00 814.83
v 480.19 -4.00 605.00
v 485.19 -4.00 605.00
v 485.19 4.00 605.00
v 480.19 4.00 605.00
v 480.19 -4.00 753.32
v 485.19 -4.00 753.32
v 485.19 4.00 753.32
v 480.19 4.00 753.32
v 495.19 -4.00 605.00
v 500.19 -4.00 605.00
v 500.19 4.00 605.00
v 495.19 4.00 605.00
v 495.19 -4.00 743.20
v 500.19 -4.00 743.20
v 500.19 4.00 743.20
v 495.19 4.00 743.20
v 586.39 -4.00 605.00
v 591.39 -4.00 605.00
v 591.39 4.00 605.00
v 586.39 4.00 605.00
v 586.39 -4.00 681.69
v 591.39 -4.00 681.69
v 591.39 4.00 681.69
v 586.39 4.00 681.69
v 601.39 -4.00 605.00
v 606.39 -4.00 605.00
v 606.39 4.00 605.00
v 601.39 4.00 605.00
v 601.39 -4.00 671.57
v 606.39 -4.00 671.57
v 606.39 4.00 671.57
v 601.39 4.00 671.57
v 211.48 -4.00 693.52
v 556.52 -4.00 693.52
v 556.52 4.00 693.52
v 211.48 4.00 693.52
v 211.48 -4.00 713.52
v 556.52 -4.00 713.52
v 556.52 4.00 713.52
v 211.48 4.00 713.52
v 776.00 60.00 455.00
v 776.00 66.00 455.00
v 762.00 66.00 455.00
v 762.00 60.00 455.00
v 776.00 60.00 515.00
v 776.00 66.00 515.00
v 762.00 66.00 515.00
v 762.00 60.00 515.00
v 776.00 114.00 455.00
v 776.00 120.00 455.00
v 762.00 120.00 455.00
v 762.00 114.00 455.00
v 776.00 114.00 515.00
v 776.00 120.00 515.00
v 762.00 120.00 515.00
v 762.00 114.00 515.00
v 776.00 60.00 455.00
v 776.00 120.00 455.00
v 762.00 120.00 455.00
v 762.00 60.00 455.00
v 776.00 60.00 461.00
v 776.00 120.00 461.00
v 762.00 120.00 461.00
v 762.00 60.00 461.00
v 776.00 60.00 509.00
v 776.00 120.00 509.00
v 762.00 120.00 509.00
v 762.00 60.00 509.00
v 776.00 60.00 515.00
v 776.00 120.00 515.00
v 762.00 120.00 515.00
v 762.00 60.00 515.00
v 776.00 520.00 405.00
v 776.00 526.00 405.00
v 762.00 526.00 405.00
v 762.00 520.00 405.00
v 776.00 520.00 515.00
v 776.00 526.00 515.00
v 762.00 526.00 515.00
v 762.00 520.00 515.00
v 776.00 614.00 405.00
v 776.00 620.00 405.00
v 762.00 620.00 405.00
v 762.00 614.00 405.00
v 776.00 614.00 515.00
v 776.00 620.00 515.00
v 762.00 620.00 515.00
v 762.00 614.00 515.00
v 776.00 520.00 405.00
v 776.00 620.00 405.00
v 762.00 620.00 405.00
v 762.00 520.00 405.00
v 776.00 520.00 411.00
v 776.00 620.00 411.00
v 762.00 620.00 411.00
v 762.00 520.00 411.00
v 776.00 520.00 509.00
v 776.00 620.00 509.00
v 762.00 620.00 509.00
v 762.00 520.00 509.00
v 776.00 520.00 515.00
v 776.00 620.00 515.00
v 762.00 620.00 515.00
v 762.00 520.00 515.00
v 440.00 766.00 455.00
v 434.00 766.00 455.00
v 434.00 752.00 455.00
v 440.00 752.00 455.00
v 440.00 766.00 515.00
v 434.00 766.00 515.00
v 434.00 752.00 515.00
v 440.00 752.00 515.00
v 386.00 766.00 455.00
v 380.00 766.00 455.00
v 380.00 752.00 455.00
v 386.00 752.00 455.00
v 386.00 766.00 515.00
v 380.00 766.00 515.00
v 380.00 752.00 515.00
v 386.00 752.00 515.00
v 440.00 766.00 455.00
v 380.00 766.00 455.00
v 380.00 752.00 455.00
v 440.00 752.00 455.00
v 440.00 766.00 461.00
v 380.00 766.00 461.00
v 380.00 752.00 461.00
v 440.00 752.00 461.00
v 440.00 766.00 509.00
v 380.00 766.00 509.00
v 380.00 752.00 509.00
v 440.00 752.00 509.00
v 440.00 766.00 515.00
v 380.00 766.00 515.00
v 380.00 752.00 515.00
v 440.00 752.00 515.00
v 220.00 766.00 405.00
v 214.00 766.00 405.00
v 214.00 752.00 405.00
v 220.00 752.00 405.00
v 220.00 766.00 515.00
v 214.00 766.00 515.00
v 214.00 752.00 515.00
v 220.00 752.00 515.00
v 106.00 766.00 405.00
v 100.00 766.00 405.00
v 100.00 752.00 405.00
v 106.00 752.00 405.00
v 106.00 766.00 515.00
v 100.00 766.00 515.00
v 100.00 752.00 515.00
v 106.00 752.00 515.00
v 220.00 766.00 405.00
v 100.00 766.00 405.00
v 100.00 752.00 405.00
v 220.00 752.00 405.00
v 220.00 766.00 411.00
v 100.00 766.00 411.00
v 100.00 752.00 411.00
v 220.00 752.00 411.00
v 220.00 766.00 509.00
v 100.00 766.00 509.00
v 100.00 752.00 509.00
v 220.00 752.00 509.00
v 220.00 766.00 515.00
v 100.00 766.00 515.00
v 100.00 752.00 515.00
v 220.00 752.00 515.00
v -8.00 670.00 405.00
v -8.00 664.00 405.00
v 6.00 664.00 405.00
v 6.00 670.00 405.00
v -8.00 670.00 515.00
v -8.00 664.00 515.00
v 6.00 664.00 515.00
v 6.00 670.00 515.00
v -8.00 556.00 405.00
v -8.00 550.00 405.00
v 6.00 550.00 405.00
v 6.00 556.00 405.00
v -8.00 556.00 515.00
v -8.00 550.00 515.00
v 6.00 550.00 515.00
v 6.00 556.00 515.00
v -8.00 670.00 405.00
v -8.00 550.00 405.00
v 6.00 550.00 405.00
v 6.00 670.00 405.00
v -8.00 670.00 411.00
v -8.00 550.00 411.00
v 6.00 550.00 411.00
v 6.00 670.00 411.00
v -8.00 670.00 509.00
v -8.00 550.00 509.00
v 6.00 550.00 509.00
v 6.00 670.00 509.00
v -8.00 670.00 515.00
v -8.00 550.00 515.00
v 6.00 550.00 515.00
v 6.00 670.00 515.00
v -8.00 230.00 405.00
v -8.00 224.00 405.00
v 6.00 224.00 405.00
v 6.00 230.00 405.00
v -8.00 230.00 515.00
v -8.00 224.00 515.00
v 6.00 224.00 515.00
v 6.00 230.00 515.00
v -8.00 116.00 405.00
v -8.00 110.00 405.00
v 6.00 110.00 405.00
v 6.00 116.00 405.00
v -8.00 116.00 515.00
v -8.00 110.00 515.00
v 6.00 110.00 515.00
v 6.00 116.00 515.00
v -8.00 230.00 405.00
v -8.00 110.00 405.00
v 6.00 110.00 405.00
v 6.00 230.00 405.00
v -8.00 230.00 411.00
v -8.00 110.00 411.00
v 6.00 110.00 411.00
v 6.00 230.00 411.00
v -8.00 230.00 509.00
v -8.00 110.00 509.00
v 6.00 110.00 509.00
v 6.00 230.00 509.00
v -8.00 230.00 515.00
v -8.00 110.00 515.00
v 6.00 110.00 515.00
v 6.00 230.00 515.00
v 380.00 316.00 305.00
v 386.00 316.00 305.00
v 386.00 330.00 305.00
v 380.00 330.00 305.00
v 380.00 316.00 515.00
v 386.00 316.00 515.00
v 386.00 330.00 515.00
v 380.00 330.00 515.00
v 454.00 316.00 305.00
v 460.00 316.00 305.00
v 460.00 330.00 305.00
v 454.00 330.00 305.00
v 454.00 316.00 515.00
v 460.00 316.00 515.00
v 460.00 330.00 515.00
v 454.00 330.00 515.00
v 380.00 316.00 509.00
v 460.00 316.00 509.00
v 460.00 330.00 509.00
v 380.00 330.00 509.00
v 380.00 316.00 515.00
v 460.00 316.00 515.00
v 460.00 330.00 515.00
v 380.00 330.00 515.00
v 344.00 340.00 305.00
v 344.00 346.00 305.00
v 330.00 346.00 305.00
v 330.00 340.00 305.00
v 344.00 340.00 515.00
v 344.00 346.00 515.00
v 330.00 346.00 515.00
v 330.00 340.00 515.00
v 344.00 414.00 305.00
v 344.00 420.00 305.00
v 330.00 420.00 305.00
v 330.00 414.00 305.00
v 344.00 414.00 515.00
v 344.00 420.00 515.00
v 330.00 420.00 515.00
v 330.00 414.00 515.00
v 344.00 340.00 509.00
v 344.00 420.00 509.00
v 330.00 420.00 509.00
v 330.00 340.00 509.00
v 344.00 340.00 515.00
v 344.00 420.00 515.00
v 330.00 420.00 515.00
v 330.00 340.00 515.00
v 376.00 538.00 305.00
v 382.00 538.00 305.00
v 382.00 552.00 305.00
v 376.00 552.00 305.00
v 376.00 538.00 515.00
v 382.00 538.00 515.00
v 382.00 552.00 515.00
v 376.00 552.00 515.00
v 440.00 538.00 305.00
v 446.00 538.00 305.00
v 446.00 552.00 305.00
v 440.00 552.00 305.00
v 440.00 538.00 515.00
v 446.00 538.00 515.00
v 446.00 552.00 515.00
v 440.00 552.00 515.00
v 376.00 538.00 509.00
v 446.00 538.00 509.00
v 446.00 552.00 509.00
v 376.00 552.00 509.00
v 376.00 538.00 515.00
v 446.00 538.00 515.00
v 446.00 552.00 515.00
v 376.00 552.00 515.00
v 612.00 184.00 305.00
v 618.00 184.00 305.00
v 618.00 198.00 305.00
v 612.00 198.00 305.00
v 612.00 184.00 515.00
v 618.00 184.00 515.00
v 618.00 198.00 515.00
v 612.00 198.00 515.00
v 676.00 184.00 305.00
v 682.00 184.00 305.00
v 682.00 198.00 305.00
v 676.00 198.00 305.00
v 676.00 184.00 515.00
v 682.00 184.00 515.00
v 682.00 198.00 515.00
v 676.00 198.00 515.00
v 612.00 184.00 509.00
v 682.00 184.00 509.00
v 682.00 198.00 509.00
v 612.00 198.00 509.00
v 612.00 184.00 515.00
v 682.00 184.00 515.00
v 682.00 198.00 515.00
v 612.00 198.00 515.00
v -7.50 198.00 594.00
v -6.00 198.00 594.00
v -6.00 320.00 594.00
v -7.50 320.00 594.00
v -7.50 198.00 711.00
v -6.00 198.00 711.00
v -6.00 320.00 711.00
v -7.50 320.00 711.00
v 774.00 198.00 594.00
v 775.50 198.00 594.00
v 775.50 320.00 594.00
v 774.00 320.00 594.00
v 774.00 198.00 711.00
v 775.50 198.00 711.00
v 775.50 320.00 711.00
v 774.00 320.00 711.00
usemtl frame
f 1224 1223 1222 1221
f 1225 1226 1227 1228
f 1221 1222 1226 1225
f 1222 1223 1227 1226
f 1223 1224 1228 1227
f 1224 1221 1225 1228
f 1232 1231 1230 1229
f 1233 1234 1235 1236
f 1229 1230 1234 1233
f 1230 1231 1235 1234
f 1231 1232 1236 1235
f 1232 1229 1233 1236
f 1240 1239 1238 1237
f 1241 1242 1243 1244
f 1237 1238 1242 1241
f 1238 1239 1243 1242
f 1239 1240 1244 1243
f 1240 1237 1241 1244
f 1248 1247 1246 1245
f 1249 1250 1251 1252
f 1245 1246 1250 1249
f 1246 1247 1251 1250
f 1247 1248 1252 1251
f 1248 1245 1249 1252
f 1256 1255 1254 1253
f 1257 1258 1259 1260
f 1253 1254 1258 1257
f 1254 1255 1259 1258
f 1255 1256 1260 1259
f 1256 1253 1257 1260
f 1264 1263 1262 1261
f 1265 1266 1267 1268
f 1261 1262 1266 1265
f 1262 1263 1267 1266
f 1263 1264 1268 1267
f 1264 1261 1265 1268
f 1272 1271 1270 1269
f 1273 1274 1275 1276
f 1269 1270 1274 1273
f 1270 1271 1275 1274
f 1271 1272 1276 1275
f 1272 1269 1273 1276
f 1280 1279 1278 1277
f 1281 1282 1283 1284
f 1277 1278 1282 1281
f 1278 1279 1283 1282
f 1279 1280 1284 1283
f 1280 1277 1281 1284
f 1288 1287 1286 1285
f 1289 1290 1291 1292
f 1285 1286 1290 1289
f 1286 1287 1291 1290
f 1287 1288 1292 1291
f 1288 1285 1289 1292
f 1296 1295 1294 1293
f 1297 1298 1299 1300
f 1293 1294 1298 1297
f 1294 1295 1299 1298
f 1295 1296 1300 1299
f 1296 1293 1297 1300
f 1304 1303 1302 1301
f 1305 1306 1307 1308
f 1301 1302 1306 1305
f 1302 1303 1307 1306
f 1303 1304 1308 1307
f 1304 1301 1305 1308
f 1312 1311 1310 1309
f 1313 1314 1315 1316
f 1309 1310 1314 1313
f 1310 1311 1315 1314
f 1311 1312 1316 1315
f 1312 1309 1313 1316
f 1320 1319 1318 1317
f 1321 1322 1323 1324
f 1317 1318 1322 1321
f 1318 1319 1323 1322
f 1319 1320 1324 1323
f 1320 1317 1321 1324
f 1328 1327 1326 1325
f 1329 1330 1331 1332
f 1325 1326 1330 1329
f 1326 1327 1331 1330
f 1327 1328 1332 1331
f 1328 1325 1329 1332
f 1336 1335 1334 1333
f 1337 1338 1339 1340
f 1333 1334 1338 1337
f 1334 1335 1339 1338
f 1335 1336 1340 1339
f 1336 1333 1337 1340
f 1344 1343 1342 1341
f 1345 1346 1347 1348
f 1341 1342 1346 1345
f 1342 1343 1347 1346
f 1343 1344 1348 1347
f 1344 1341 1345 1348
f 1352 1351 1350 1349
f 1353 1354 1355 1356
f 1349 1350 1354 1353
f 1350 1351 1355 1354
f 1351 1352 1356 1355
f 1352 1349 1353 1356
f 1360 1359 1358 1357
f 1361 1362 1363 1364
f 1357 1358 1362 1361
f 1358 1359 1363 1362
f 1359 1360 1364 1363
f 1360 1357 1361 1364
f 1368 1367 1366 1365
f 1369 1370 1371 1372
f 1365 1366 1370 1369
f 1366 1367 1371 1370
f 1367 1368 1372 1371
f 1368 1365 1369 1372
f 1376 1375 1374 1373
f 1377 1378 1379 1380
f 1373 1374 1378 1377
f 1374 1375 1379 1378
f 1375 1376 1380 1379
f 1376 1373 1377 1380
f 1384 1383 1382 1381
f 1385 1386 1387 1388
f 1381 1382 1386 1385
f 1382 1383 1387 1386
f 1383 1384 1388 1387
f 1384 1381 1385 1388
f 1392 1391 1390 1389
f 1393 1394 1395 1396
f 1389 1390 1394 1393
f 1390 1391 1395 1394
f 1391 1392 1396 1395
f 1392 1389 1393 1396
f 1400 1399 1398 1397
f 1401 1402 1403 1404
f 1397 1398 1402 1401
f 1398 1399 1403 1402
f 1399 1400 1404 1403
f 1400 1397 1401 1404
f 1408 1407 1406 1405
f 1409 1410 1411 1412
f 1405 1406 1410 1409
f 1406 1407 1411 1410
f 1407 1408 1412 1411
f 1408 1405 1409 1412
f 1416 1415 1414 1413
f 1417 1418 1419 1420
f 1413 1414 1418 1417
f 1414 1415 1419 1418
f 1415 1416 1420 1419
f 1416 1413 1417 1420
f 1424 1423 1422 1421
f 1425 1426 1427 1428
f 1421 1422 1426 1425
f 1422 1423 1427 1426
f 1423 1424 1428 1427
f 1424 1421 1425 1428
f 1432 1431 1430 1429
f 1433 1434 1435 1436
f 1429 1430 1434 1433
f 1430 1431 1435 1434
f 1431 1432 1436 1435
f 1432 1429 1433 1436
f 1440 1439 1438 1437
f 1441 1442 1443 1444
f 1437 1438 1442 1441
f 1438 1439 1443 1442
f 1439 1440 1444 1443
f 1440 1437 1441 1444
f 1448 1447 1446 1445
f 1449 1450 1451 1452
f 1445 1446 1450 1449
f 1446 1447 1451 1450
f 1447 1448 1452 1451
f 1448 1445 1449 1452
f 1456 1455 1454 1453
f 1457 1458 1459 1460
f 1453 1454 1458 1457
f 1454 1455 1459 1458
f 1455 1456 1460 1459
f 1456 1453 1457 1460
f 1464 1463 1462 1461
f 1465 1466 1467 1468
f 1461 1462 1466 1465
f 1462 1463 1467 1466
f 1463 1464 1468 1467
f 1464 1461 1465 1468
f 1472 1471 1470 1469
f 1473 1474 1475 1476
f 1469 1470 1474 1473
f 1470 1471 1475 1474
f 1471 1472 1476 1475
f 1472 1469 1473 1476
f 1480 1479 1478 1477
f 1481 1482 1483 1484
f 1477 1478 1482 1481
f 1478 1479 1483 1482
f 1479 1480 1484 1483
f 1480 1477 1481 1484
f 1488 1487 1486 1485
f 1489 1490 1491 1492
f 1485 1486 1490 1489
f 1486 1487 1491 1490
f 1487 1488 1492 1491
f 1488 1485 1489 1492
f 1496 1495 1494 1493
f 1497 1498 1499 1500
f 1493 1494 1498 1497
f 1494 1495 1499 1498
f 1495 1496 1500 1499
f 1496 1493 1497 1500
f 1504 1503 1502 1501
f 1505 1506 1507 1508
f 1501 1502 1506 1505
f 1502 1503 1507 1506
f 1503 1504 1508 1507
f 1504 1501 1505 1508
f 1512 1511 1510 1509
f 1513 1514 1515 1516
f 1509 1510 1514 1513
f 1510 1511 1515 1514
f 1511 1512 1516 1515
f 1512 1509 1513 1516
f 1520 1519 1518 1517
f 1521 1522 1523 1524
f 1517 1518 1522 1521
f 1518 1519 1523 1522
f 1519 1520 1524 1523
f 1520 1517 1521 1524
f 1528 1527 1526 1525
f 1529 1530 1531 1532
f 1525 1526 1530 1529
f 1526 1527 1531 1530
f 1527 1528 1532 1531
f 1528 1525 1529 1532
f 1536 1535 1534 1533
f 1537 1538 1539 1540
f 1533 1534 1538 1537
f 1534 1535 1539 1538
f 1535 1536 1540 1539
f 1536 1533 1537 1540
f 1544 1543 1542 1541
f 1545 1546 1547 1548
f 1541 1542 1546 1545
f 1542 1543 1547 1546
f 1543 1544 1548 1547
f 1544 1541 1545 1548
f 1552 1551 1550 1549
f 1553 1554 1555 1556
f 1549 1550 1554 1553
f 1550 1551 1555 1554
f 1551 1552 1556 1555
f 1552 1549 1553 1556
f 1560 1559 1558 1557
f 1561 1562 1563 1564
f 1557 1558 1562 1561
f 1558 1559 1563 1562
f 1559 1560 1564 1563
f 1560 1557 1561 1564
f 1568 1567 1566 1565
f 1569 1570 1571 1572
f 1565 1566 1570 1569
f 1566 1567 1571 1570
f 1567 1568 1572 1571
f 1568 1565 1569 1572
f 1576 1575 1574 1573
f 1577 1578 1579 1580
f 1573 1574 1578 1577
f 1574 1575 1579 1578
f 1575 1576 1580 1579
f 1576 1573 1577 1580
f 1584 1583 1582 1581
f 1585 1586 1587 1588
f 1581 1582 1586 1585
f 1582 1583 1587 1586
f 1583 1584 1588 1587
f 1584 1581 1585 1588
f 1592 1591 1590 1589
f 1593 1594 1595 1596
f 1589 1590 1594 1593
f 1590 1591 1595 1594
f 1591 1592 1596 1595
f 1592 1589 1593 1596
f 1600 1599 1598 1597
f 1601 1602 1603 1604
f 1597 1598 1602 1601
f 1598 1599 1603 1602
f 1599 1600 1604 1603
f 1600 1597 1601 1604
f 1608 1607 1606 1605
f 1609 1610 1611 1612
f 1605 1606 1610 1609
f 1606 1607 1611 1610
f 1607 1608 1612 1611
f 1608 1605 1609 1612
f 1616 1615 1614 1613
f 1617 1618 1619 1620
f 1613 1614 1618 1617
f 1614 1615 1619 1618
f 1615 1616 1620 1619
f 1616 1613 1617 1620
f 1624 1623 1622 1621
f 1625 1626 1627 1628
f 1621 1622 1626 1625
f 1622 1623 1627 1626
f 1623 1624 1628 1627
f 1624 1621 1625 1628
f 1632 1631 1630 1629
f 1633 1634 1635 1636
f 1629 1630 1634 1633
f 1630 1631 1635 1634
f 1631 1632 1636 1635
f 1632 1629 1633 1636
f 1640 1639 1638 1637
f 1641 1642 1643 1644
f 1637 1638 1642 1641
f 1638 1639 1643 1642
f 1639 1640 1644 1643
f 1640 1637 1641 1644
f 1648 1647 1646 1645
f 1649 1650 1651 1652
f 1645 1646 1650 1649
f 1646 1647 1651 1650
f 1647 1648 1652 1651
f 1648 1645 1649 1652
f 1656 1655 1654 1653
f 1657 1658 1659 1660
f 1653 1654 1658 1657
f 1654 1655 1659 1658
f 1655 1656 1660 1659
f 1656 1653 1657 1660
f 1664 1663 1662 1661
f 1665 1666 1667 1668
f 1661 1662 1666 1665
f 1662 1663 1667 1666
f 1663 1664 1668 1667
f 1664 1661 1665 1668
f 1672 1671 1670 1669
f 1673 1674 1675 1676
f 1669 1670 1674 1673
f 1670 1671 1675 1674
f 1671 1672 1676 1675
f 1672 1669 1673 1676
f 1680 1679 1678 1677
f 1681 1682 1683 1684
f 1677 1678 1682 1681
f 1678 1679 1683 1682
f 1679 1680 1684 1683
f 1680 1677 1681 1684
f 1688 1687 1686 1685
f 1689 1690 1691 1692
f 1685 1686 1690 1689
f 1686 1687 1691 1690
f 1687 1688 1692 1691
f 1688 1685 1689 1692
f 1696 1695 1694 1693
f 1697 1698 1699 1700
f 1693 1694 1698 1697
f 1694 1695 1699 1698
f 1695 1696 1700 1699
f 1696 1693 1697 1700
f 1704 1703 1702 1701
f 1705 1706 1707 1708
f 1701 1702 1706 1705
f 1702 1703 1707 1706
f 1703 1704 1708 1707
f 1704 1701 1705 1708
f 1712 1711 1710 1709
f 1713 1714 1715 1716
f 1709 1710 1714 1713
f 1710 1711 1715 1714
f 1711 1712 1716 1715
f 1712 1709 1713 1716
f 1720 1719 1718 1717
f 1721 1722 1723 1724
f 1717 1718 1722 1721
f 1718 1719 1723 1722
f 1719 1720 1724 1723
f 1720 1717 1721 1724
f 1728 1727 1726 1725
f 1729 1730 1731 1732
f 1725 1726 1730 1729
f 1726 1727 1731 1730
f 1727 1728 1732 1731
f 1728 1725 1729 1732
f 1736 1735 1734 1733
f 1737 1738 1739 1740
f 1733 1734 1738 1737
f 1734 1735 1739 1738
f 1735 1736 1740 1739
f 1736 1733 1737 1740
f 1744 1743 1742 1741
f 1745 1746 1747 1748
f 1741 1742 1746 1745
f 1742 1743 1747 1746
f 1743 1744 1748 1747
f 1744 1741 1745 1748
f 1752 1751 1750 1749
f 1753 1754 1755 1756
f 1749 1750 1754 1753
f 1750 1751 1755 1754
f 1751 1752 1756 1755
f 1752 1749 1753 1756
f 1760 1759 1758 1757
f 1761 1762 1763 1764
f 1757 1758 1762 1761
f 1758 1759 1763 1762
f 1759 1760 1764 1763
f 1760 1757 1761 1764
f 1768 1767 1766 1765
f 1769 1770 1771 1772
f 1765 1766 1770 1769
f 1766 1767 1771 1770
f 1767 1768 1772 1771
f 1768 1765 1769 1772
f 1776 1775 1774 1773
f 1777 1778 1779 1780
f 1773 1774 1778 1777
f 1774 1775 1779 1778
f 1775 1776 1780 1779
f 1776 1773 1777 1780
f 1784 1783 1782 1781
f 1785 1786 1787 1788
f 1781 1782 1786 1785
f 1782 1783 1787 1786
f 1783 1784 1788 1787
f 1784 1781 1785 1788
f 1792 1791 1790 1789
f 1793 1794 1795 1796
f 1789 1790 1794 1793
f 1790 1791 1795 1794
f 1791 1792 1796 1795
f 1792 1789 1793 1796
f 1800 1799 1798 1797
f 1801 1802 1803 1804
f 1797 1798 1802 1801
f 1798 1799 1803 1802
f 1799 1800 1804 1803
f 1800 1797 1801 1804
f 1808 1807 1806 1805
f 1809 1810 1811 1812
f 1805 1806 1810 1809
f 1806 1807 1811 1810
f 1807 1808 1812 1811
f 1808 1805 1809 1812
f 1816 1815 1814 1813
f 1817 1818 1819 1820
f 1813 1814 1818 1817
f 1814 1815 1819 1818
f 1815 1816 1820 1819
f 1816 1813 1817 1820
f 1824 1823 1822 1821
f 1825 1826 1827 1828
f 1821 1822 1826 1825
f 1822 1823 1827 1826
f 1823 1824 1828 1827
f 1824 1821 1825 1828
f 1832 1831 1830 1829
f 1833 1834 1835 1836
f 1829 1830 1834 1833
f 1830 1831 1835 1834
f 1831 1832 1836 1835
f 1832 1829 1833 1836
f 1840 1839 1838 1837
f 1841 1842 1843 1844
f 1837 1838 1842 1841
f 1838 1839 1843 1842
f 1839 1840 1844 1843
f 1840 1837 1841 1844
f 1848 1847 1846 1845
f 1849 1850 1851 1852
f 1845 1846 1850 1849
f 1846 1847 1851 1850
f 1847 1848 1852 1851
f 1848 1845 1849 1852
f 1856 1855 1854 1853
f 1857 1858 1859 1860
f 1853 1854 1858 1857
f 1854 1855 1859 1858
f 1855 1856 1860 1859
f 1856 1853 1857 1860
f 1864 1863 1862 1861
f 1865 1866 1867 1868
f 1861 1862 1866 1865
f 1862 1863 1867 1866
f 1863 1864 1868 1867
f 1864 1861 1865 1868
f 1872 1871 1870 1869
f 1873 1874 1875 1876
f 1869 1870 1874 1873
f 1870 1871 1875 1874
f 1871 1872 1876 1875
f 1872 1869 1873 1876
f 1880 1879 1878 1877
f 1881 1882 1883 1884
f 1877 1878 1882 1881
f 1878 1879 1883 1882
f 1879 1880 1884 1883
f 1880 1877 1881 1884
f 1888 1887 1886 1885
f 1889 1890 1891 1892
f 1885 1886 1890 1889
f 1886 1887 1891 1890
f 1887 1888 1892 1891
f 1888 1885 1889 1892
f 1896 1895 1894 1893
f 1897 1898 1899 1900
f 1893 1894 1898 1897
f 1894 1895 1899 1898
f 1895 1896 1900 1899
f 1896 1893 1897 1900
f 1904 1903 1902 1901
f 1905 1906 1907 1908
f 1901 1902 1906 1905
f 1902 1903 1907 1906
f 1903 1904 1908 1907
f 1904 1901 1905 1908
f 1912 1911 1910 1909
f 1913 1914 1915 1916
f 1909 1910 1914 1913
f 1910 1911 1915 1914
f 1911 1912 1916 1915
f 1912 1909 1913 1916
f 1920 1919 1918 1917
f 1921 1922 1923 1924
f 1917 1918 1922 1921
f 1918 1919 1923 1922
f 1919 1920 1924 1923
f 1920 1917 1921 1924
f 1928 1927 1926 1925
f 1929 1930 1931 1932
f 1925 1926 1930 1929
f 1926 1927 1931 1930
f 1927 1928 1932 1931
f 1928 1925 1929 1932
f 1936 1935 1934 1933
f 1937 1938 1939 1940
f 1933 1934 1938 1937
f 1934 1935 1939 1938
f 1935 1936 1940 1939
f 1936 1933 1937 1940
f 1944 1943 1942 1941
f 1945 1946 1947 1948
f 1941 1942 1946 1945
f 1942 1943 1947 1946
f 1943 1944 1948 1947
f 1944 1941 1945 1948
f 1952 1951 1950 1949
f 1953 1954 1955 1956
f 1949 1950 1954 1953
f 1950 1951 1955 1954
f 1951 1952 1956 1955
f 1952 1949 1953 1956
f 1960 1959 1958 1957
f 1961 1962 1963 1964
f 1957 1958 1962 1961
f 1958 1959 1963 1962
f 1959 1960 1964 1963
f 1960 1957 1961 1964
f 1968 1967 1966 1965
f 1969 1970 1971 1972
f 1965 1966 1970 1969
f 1966 1967 1971 1970
f 1967 1968 1972 1971
f 1968 1965 1969 1972
f 1976 1975 1974 1973
f 1977 1978 1979 1980
f 1973 1974 1978 1977
f 1974 1975 1979 1978
f 1975 1976 1980 1979
f 1976 1973 1977 1980
f 1984 1983 1982 1981
f 1985 1986 1987 1988
f 1981 1982 1986 1985
f 1982 1983 1987 1986
f 1983 1984 1988 1987
f 1984 1981 1985 1988
f 1992 1991 1990 1989
f 1993 1994 1995 1996
f 1989 1990 1994 1993
f 1990 1991 1995 1994
f 1991 1992 1996 1995
f 1992 1989 1993 1996
f 2000 1999 1998 1997
f 2001 2002 2003 2004
f 1997 1998 2002 2001
f 1998 1999 2003 2002
f 1999 2000 2004 2003
f 2000 1997 2001 2004
f 2008 2007 2006 2005
f 2009 2010 2011 2012
f 2005 2006 2010 2009
f 2006 2007 2011 2010
f 2007 2008 2012 2011
f 2008 2005 2009 2012
f 2016 2015 2014 2013
f 2017 2018 2019 2020
f 2013 2014 2018 2017
f 2014 2015 2019 2018
f 2015 2016 2020 2019
f 2016 2013 2017 2020
f 2024 2023 2022 2021
f 2025 2026 2027 2028
f 2021 2022 2026 2025
f 2022 2023 2027 2026
f 2023 2024 2028 2027
f 2024 2021 2025 2028
f 2032 2031 2030 2029
f 2033 2034 2035 2036
f 2029 2030 2034 2033
f 2030 2031 2035 2034
f 2031 2032 2036 2035
f 2032 2029 2033 2036
f 2040 2039 2038 2037
f 2041 2042 2043 2044
f 2037 2038 2042 2041
f 2038 2039 2043 2042
f 2039 2040 2044 2043
f 2040 2037 2041 2044
f 2048 2047 2046 2045
f 2049 2050 2051 2052
f 2045 2046 2050 2049
f 2046 2047 2051 2050
f 2047 2048 2052 2051
f 2048 2045 2049 2052
f 2056 2055 2054 2053
f 2057 2058 2059 2060
f 2053 2054 2058 2057
f 2054 2055 2059 2058
f 2055 2056 2060 2059
f 2056 2053 2057 2060
f 2064 2063 2062 2061
f 2065 2066 2067 2068
f 2061 2062 2066 2065
f 2062 2063 2067 2066
f 2063 2064 2068 2067
f 2064 2061 2065 2068
o trim
v 53.00 -8.50 23.00
v 60.00 -8.50 23.00
v 60.00 -6.00 23.00
v 53.00 -6.00 23.00
v 53.00 -8.50 247.00
v 60.00 -8.50 247.00
v 60.00 -6.00 247.00
v 53.00 -6.00 247.00
v 200.00 -8.50 23.00
v 207.00 -8.50 23.00
v 207.00 -6.00 23.00
v 200.00 -6.00 23.00
v 200.00 -8.50 247.00
v 207.00 -8.50 247.00
v 207.00 -6.00 247.00
v 200.00 -6.00 247.00
v 60.00 -8.50 23.00
v 200.00 -8.50 23.00
v 200.00 -6.00 23.00
v 60.00 -6.00 23.00
v 60.00 -8.50 30.00
v 200.00 -8.50 30.00
v 200.00 -6.00 30.00
v 60.00 -6.00 30.00
v 60.00 -8.50 240.00
v 200.00 -8.50 240.00
v 200.00 -6.00 240.00
v 60.00 -6.00 240.00
v 60.00 -8.50 247.00
v 200.00 -8.50 247.00
v 200.00 -6.00 247.00
v 60.00 -6.00 247.00
v 561.00 -8.50 23.00
v 568.00 -8.50 23.00
v 568.00 -6.00 23.00
v 561.00 -6.00 23.00
v 561.00 -8.50 247.00
v 568.00 -8.50 247.00
v 568.00 -6.00 247.00
v 561.00 -6.00 247.00
v 708.00 -8.50 23.00
v 715.00 -8.50 23.00
v 715.00 -6.00 23.00
v 708.00 -6.00 23.00
v 708.00 -8.50 247.00
v 715.00 -8.50 247.00
v 715.00 -6.00 247.00
v 708.00 -6.00 247.00
v 568.00 -8.50 23.00
v 708.00 -8.50 23.00
v 708.00 -6.00 23.00
v 568.00 -6.00 23.00
v 568.00 -8.50 30.00
v 708.00 -8.50 30.00
v 708.00 -6.00 30.00
v 568.00 -6.00 30.00
v 568.00 -8.50 240.00
v 708.00 -8.50 240.00
v 708.00 -6.00 240.00
v 568.00 -6.00 240.00
v 568.00 -8.50 247.00
v 708.00 -8.50 247.00
v 708.00 -6.00 247.00
v 568.00 -6.00 247.00
v -6.00 -8.50 0.00
v 4.00 -8.50 0.00
v 4.00 -6.00 0.00
v -6.00 -6.00 0.00
v -6.00 -8.50 280.00
v 4.00 -8.50 280.00
v 4.00 -6.00 280.00
v -6.00 -6.00 280.00
v 764.00 -8.50 0.00
v 774.00 -8.50 0.00
v 774.00 -6.00 0.00
v 764.00 -6.00 0.00
v 764.00 -8.50 280.00
v 774.00 -8.50 280.00
v 774.00 -6.00 280.00
v 764.00 -6.00 280.00
v 776.50 113.00 103.00
v 776.50 120.00 103.00
v 774.00 120.00 103.00
v 774.00 113.00 103.00
v 776.50 113.00 217.00
v 776.50 120.00 217.00
v 774.00 120.00 217.00
v 774.00 113.00 217.00
v 776.50 240.00 103.00
v 776.50 247.00 103.00
v 774.00 247.00 103.00
v 774.00 240.00 103.00
v 776.50 240.00 217.00
v 776.50 247.00 217.00
v 774.00 247.00 217.00
v 774.00 240.00 217.00
v 776.50 120.00 103.00
v 776.50 240.00 103.00
v 774.00 240.00 103.00
v 774.00 120.00 103.00
v 776.50 120.00 110.00
v 776.50 240.00 110.00
v 774.00 240.00 110.00
v 774.00 120.00 110.00
v 776.50 120.00 210.00
v 776.50 240.00 210.00
v 774.00 240.00 210.00
v 774.00 120.00 210.00
v 776.50 120.00 217.00
v 776.50 240.00 217.00
v 774.00 240.00 217.00
v 774.00 120.00 217.00
v 776.50 -6.00 0.00
v 776.50 4.00 0.00
v 774.00 4.00 0.00
v 774.00 -6.00 0.00
v 776.50 -6.00 280.00
v 776.50 4.00 280.00
v 774.00 4.00 280.00
v 774.00 -6.00 280.00
v 776.50 754.00 0.00
v 776.50 764.00 0.00
v 774.00 764.00 0.00
v 774.00 754.00 0.00
v 776.50 754.00 280.00
v 776.50 764.00 280.00
v 774.00 764.00 280.00
v 774.00 754.00 280.00
v 447.00 766.50 143.00
v 440.00 766.50 143.00
v 440.00 764.00 143.00
v 447.00 764.00 143.00
v 447.00 766.50 217.00
v 440.00 766.50 217.00
v 440.00 764.00 217.00
v 447.00 764.00 217.00
v 380.00 766.50 143.00
v 373.00 766.50 143.00
v 373.00 764.00 143.00
v 380.00 764.00 143.00
v 380.00 766.50 217.00
v 373.00 766.50 217.00
v 373.00 764.00 217.00
v 380.00 764.00 217.00
v 440.00 766.50 143.00
v 380.00 766.50 143.00
v 380.00 764.00 143.00
v 440.00 764.00 143.00
v 440.00 766.50 150.00
v 380.00 766.50 150.00
v 380.00 764.00 150.00
v 440.00 764.00 150.00
v 440.00 766.50 210.00
v 380.00 766.50 210.00
v 380.00 764.00 210.00
v 440.00 764.00 210.00
v 440.00 766.50 217.00
v 380.00 766.50 217.00
v 380.00 764.00 217.00
v 440.00 764.00 217.00
v 227.00 766.50 93.00
v 220.00 766.50 93.00
v 220.00 764.00 93.00
v 227.00 764.00 93.00
v 227.00 766.50 217.00
v 220.00 766.50 217.00
v 220.00 764.00 217.00
v 227.00 764.00 217.00
v 100.00 766.50 93.00
v 93.00 766.50 93.00
v 93.00 764.00 93.00
v 100.00 764.00 93.00
v 100.00 766.50 217.00
v 93.00 766.50 217.00
v 93.00 764.00 217.00
v 100.00 764.00 217.00
v 220.00 766.50 93.00
v 100.00 766.50 93.00
v 100.00 764.00 93.00
v 220.00 764.00 93.00
v 220.00 766.50 100.00
v 100.00 766.50 100.00
v 100.00 764.00 100.00
v 220.00 764.00 100.00
v 220.00 766.50 210.00
v 100.00 766.50 210.00
v 100.00 764.00 210.00
v 220.00 764.00 210.00
v 220.00 766.50 217.00
v 100.00 766.50 217.00
v 100.00 764.00 217.00
v 220.00 764.00 217.00
v 774.00 766.50 0.00
v 764.00 766.50 0.00
v 764.00 764.00 0.00
v 774.00 764.00 0.00
v 774.00 766.50 280.00
v 764.00 766.50 280.00
v 764.00 764.00 280.00
v 774.00 764.00 280.00
v 4.00 766.50 0.00
v -6.00 766.50 0.00
v -6.00 764.00 0.00
v 4.00 764.00 0.00
v 4.00 766.50 280.00
v -6.00 766.50 280.00
v -6.00 764.00 280.00
v 4.00 764.00 280.00
v -8.50 677.00 93.00
v -8.50 670.00 93.00
v -6.00 670.00 93.00
v -6.00 677.00 93.00
v -8.50 677.00 217.00
v -8.50 670.00 217.00
v -6.00 670.00 217.00
v -6.00 677.00 217.00
v -8.50 550.00 93.00
v -8.50 543.00 93.00
v -6.00 543.00 93.00
v -6.00 550.00 93.00
v -8.50 550.00 217.00
v -8.50 543.00 217.00
v -6.00 543.00 217.00
v -6.00 550.00 217.00
v -8.50 670.00 93.00
v -8.50 550.00 93.00
v -6.00 550.00 93.00
v -6.00 670.00 93.00
v -8.50 670.00 100.00
v -8.50 550.00 100.00
v -6.00 550.00 100.00
v -6.00 670.00 100.00
v -8.50 670.00 210.00
v -8.50 550.00 210.00
v -6.00 550.00 210.00
v -6.00 670.00 210.00
v -8.50 670.00 217.00
v -8.50 550.00 217.00
v -6.00 550.00 217.00
v -6.00 670.00 217.00
v -8.50 277.00 83.00
v -8.50 270.00 83.00
v -6.00 270.00 83.00
v -6.00 277.00 83.00
v -8.50 277.00 217.00
v -8.50 270.00 217.00
v -6.00 270.00 217.00
v -6.00 277.00 217.00
v -8.50 110.00 83.00
v -8.50 103.00 83.00
v -6.00 103.00 83.00
v -6.00 110.00 83.00
v -8.50 110.00 217.00
v -8.50 103.00 217.00
v -6.00 103.00 217.00
v -6.00 110.00 217.00
v -8.50 270.00 83.00
v -8.50 110.00 83.00
v -6.00 110.00 83.00
v -6.00 270.00 83.00
v -8.50 270.00 90.00
v -8.50 110.00 90.00
v -6.00 110.00 90.00
v -6.00 270.00 90.00
v -8.50 270.00 210.00
v -8.50 110.00 210.00
v -6.00 110.00 210.00
v -6.00 270.00 210.00
v -8.50 270.00 217.00
v -8.50 110.00 217.00
v -6.00 110.00 217.00
v -6.00 270.00 217.00
v -8.50 764.00 0.00
v -8.50 754.00 0.00
v -6.00 754.00 0.00
v -6.00 764.00 0.00
v -8.50 764.00 280.00
v -8.50 754.00 280.00
v -6.00 754.00 280.00
v -6.00 764.00 280.00
v -8.50 4.00 0.00
v -8.50 -6.00 0.00
v -6.00 -6.00 0.00
v -6.00 4.00 0.00
v -8.50 4.00 280.00
v -8.50 -6.00 280.00
v -6.00 -6.00 280.00
v -6.00 4.00 280.00
v 372.00 396.00 0.00
v 376.00 396.00 0.00
v 376.00 408.00 0.00
v 372.00 408.00 0.00
v 372.00 396.00 240.00
v 376.00 396.00 240.00
v 376.00 408.00 240.00
v 372.00 408.00 240.00
v 748.00 396.00 0.00
v 752.00 396.00 0.00
v 752.00 408.00 0.00
v 748.00 408.00 0.00
v 748.00 396.00 240.00
v 752.00 396.00 240.00
v 752.00 408.00 240.00
v 748.00 408.00 240.00
v 23.00 -8.50 328.00
v 30.00 -8.50 328.00
v 30.00 -6.00 328.00
v 23.00 -6.00 328.00
v 23.00 -8.50 552.00
v 30.00 -8.50 552.00
v 30.00 -6.00 552.00
v 23.00 -6.00 552.00
v 130.00 -8.50 328.00
v 137.00 -8.50 328.00
v 137.00 -6.00 328.00
v 130.00 -6.00 328.00
v 130.00 -8.50 552.00
v 137.00 -8.50 552.00
v 137.00 -6.00 552.00
v 130.00 -6.00 552.00
v 30.00 -8.50 328.00
v 130.00 -8.50 328.00
v 130.00 -6.00 328.00
v 30.00 -6.00 328.00
v 30.00 -8.50 335.00
v 130.00 -8.50 335.00
v 130.00 -6.00 335.00
v 30.00 -6.00 335.00
v 30.00 -8.50 545.00
v 130.00 -8.50 545.00
v 130.00 -6.00 545.00
v 30.00 -6.00 545.00
v 30.00 -8.50 552.00
v 130.00 -8.50 552.00
v 130.00 -6.00 552.00
v 30.00 -6.00 552.00
v 65.42 -8.50 600.00
v 702.58 -8.50 600.00
v 702.58 -6.00 600.00
v 65.42 -6.00 600.00
v 65.42 -8.50 605.00
v 702.58 -8.50 605.00
v 702.58 -6.00 605.00
v 65.42 -6.00 605.00
v -6.00 -8.50 305.00
v 4.00 -8.50 305.00
v 4.00 -6.00 305.00
v -6.00 -6.00 305.00
v -6.00 -8.50 585.00
v 4.00 -8.50 585.00
v 4.00 -6.00 585.00
v -6.00 -6.00 585.00
v 764.00 -8.50 305.00
v 774.00 -8.50 305.00
v 774.00 -6.00 305.00
v 764.00 -6.00 305.00
v 764.00 -8.50 585.00
v 774.00 -8.50 585.00
v 774.00 -6.00 585.00
v 764.00 -6.00 585.00
v 776.50 53.00 448.00
v 776.50 60.00 448.00
v 774.00 60.00 448.00
v 774.00 53.00 448.00
v 776.50 53.00 522.00
v 776.50 60.00 522.00
v 774.00 60.00 522.00
v 774.00 53.00 522.00
v 776.50 120.00 448.00
v 776.50 127.00 448.00
v 774.00 127.00 448.00
v 774.00 120.00 448.00
v 776.50 120.00 522.00
v 776.50 127.00 522.00
v 774.00 127.00 522.00
v 774.00 120.00 522.00
v 776.50 60.00 448.00
v 776.50 120.00 448.00
v 774.00 120.00 448.00
v 774.00 60.00 448.00
v 776.50 60.00 455.00
v 776.50 120.00 455.00
v 774.00 120.00 455.00
v 774.00 60.00 455.00
v 776.50 60.00 515.00
v 776.50 120.00 515.00
v 774.00 120.00 515.00
v 774.00 60.00 515.00
v 776.50 60.00 522.00
v 776.50 120.00 522.00
v 774.00 120.00 522.00
v 774.00 60.00 522.00
v 776.50 513.00 398.00
v 776.50 520.00 398.00
v 774.00 520.00 398.00
v 774.00 513.00 398.00
v 776.50 513.00 522.00
v 776.50 520.00 522.00
v 774.00 520.00 522.00
v 774.00 513.00 522.00
v 776.50 620.00 398.00
v 776.50 627.00 398.00
v 774.00 627.00 398.00
v 774.00 620.00 398.00
v 776.50 620.00 522.00
v 776.50 627.00 522.00
v 774.00 627.00 522.00
v 774.00 620.00 522.00
v 776.50 520.00 398.00
v 776.50 620.00 398.00
v 774.00 620.00 398.00
v 774.00 520.00 398.00
v 776.50 520.00 405.00
v 776.50 620.00 405.00
v 774.00 620.00 405.00
v 774.00 520.00 405.00
v 776.50 520.00 515.00
v 776.50 620.00 515.00
v 774.00 620.00 515.00
v 774.00 520.00 515.00
v 776.50 520.00 522.00
v 776.50 620.00 522.00
v 774.00 620.00 522.00
v 774.00 520.00 522.00
v 776.50 -6.00 305.00
v 776.50 4.00 305.00
v 774.00 4.00 305.00
v 774.00 -6.00 305.00
v 776.50 -6.00 585.00
v 776.50 4.00 585.00
v 774.00 4.00 585.00
v 774.00 -6.00 585.00
v 776.50 754.00 305.00
v 776.50 764.00 305.00
v 774.00 764.00 305.00
v 774.00 754.00 305.00
v 776.50 754.00 585.00
v 776.50 764.00 585.00
v 774.00 764.00 585.00
v 774.00 754.00 585.00
v 447.00 766.50 448.00
v 440.00 766.50 448.00
v 440.00 764.00 448.00
v 447.00 764.00 448.00
v 447.00 766.50 522.00
v 440.00 766.50 522.00
v 440.00 764.00 522.00
v 447.00 764.00 522.00
v 380.00 766.50 448.00
v 373.00 766.50 448.00
v 373.00 764.00 448.00
v 380.00 764.00 448.00
v 380.00 766.50 522.00
v 373.00 766.50 522.00
v 373.00 764.00 522.00
v 380.00 764.00 522.00
v 440.00 766.50 448.00
v 380.00 766.50 448.00
v 380.00 764.00 448.00
v 440.00 764.00 448.00
v 440.00 766.50 455.00
v 380.00 766.50 455.00
v 380.00 764.00 455.00
v 440.00 764.00 455.00
v 440.00 766.50 515.00
v 380.00 766.50 515.00
v 380.00 764.00 515.00
v 440.00 764.00 515.00
v 440.00 766.50 522.00
v 380.00 766.50 522.00
v 380.00 764.00 522.00
v 440.00 764.00 522.00
v 227.00 766.50 398.00
v 220.00 766.50 398.00
v 220.00 764.00 398.00
v 227.00 764.00 398.00
v 227.00 766.50 522.00
v 220.00 766.50 522.00
v 220.00 764.00 522.00
v 227.00 764.00 522.00
v 100.00 766.50 398.00
v 93.00 766.50 398.00
v 93.00 764.00 398.00
v 100.00 764.00 398.00
v 100.00 766.50 522.00
v 93.00 766.50 522.00
v 93.00 764.00 522.00
v 100.00 764.00 522.00
v 220.00 766.50 398.00
v 100.00 766.50 398.00
v 100.00 764.00 398.00
v 220.00 764.00 398.00
v 220.00 766.50 405.00
v 100.00 766.50 405.00
v 100.00 764.00 405.00
v 220.00 764.00 405.00
v 220.00 766.50 515.00
v 100.00 766.50 515.00
v 100.00 764.00 515.00
v 220.00 764.00 515.00
v 220.00 766.50 522.00
v 100.00 766.50 522.00
v 100.00 764.00 522.00
v 220.00 764.00 522.00
v 774.00 766.50 305.00
v 764.00 766.50 305.00
v 764.00 764.00 305.00
v 774.00 764.00 305.00
v 774.00 766.50 585.00
v 764.00 766.50 585.00
v 764.00 764.00 585.00
v 774.00 764.00 585.00
v 4.00 766.50 305.00
v -6.00 766.50 305.00
v -6.00 764.00 305.00
v 4.00 764.00 305.00
v 4.00 766.50 585.00
v -6.00 766.50 585.00
v -6.00 764.00 585.00
v 4.00 764.00 585.00
v -8.50 677.00 398.00
v -8.50 670.00 398.00
v -6.00 670.00 398.00
v -6.00 677.00 398.00
v -8.50 677.00 522.00
v -8.50 670.00 522.00
v -6.00 670.00 522.00
v -6.00 677.00 522.00
v -8.50 550.00 398.00
v -8.50 543.00 398.00
v -6.00 543.00 398.00
v -6.00 550.00 398.00
v -8.50 550.00 522.00
v -8.50 543.00 522.00
v -6.00 543.00 522.00
v -6.00 550.00 522.00
v -8.50 670.00 398.00
v -8.50 550.00 398.00
v -6.00 550.00 398.00
v -6.00 670.00 398.00
v -8.50 670.00 405.00
v -8.50 550.00 405.00
v -6.00 550.00 405.00
v -6.00 670.00 405.00
v -8.50 670.00 515.00
v -8.50 550.00 515.00
v -6.00 550.00 515.00
v -6.00 670.00 515.00
v -8.50 670.00 522.00
v -8.50 550.00 522.00
v -6.00 550.00 522.00
v -6.00 670.00 522.00
v -8.50 237.00 398.00
v -8.50 230.00 398.00
v -6.00 230.00 398.00
v -6.00 237.00 398.00
v -8.50 237.00 522.00
v -8.50 230.00 522.00
v -6.00 230.00 522.00
v -6.00 237.00 522.00
v -8.50 110.00 398.00
v -8.50 103.00 398.00
v -6.00 103.00 398.00
v -6.00 110.00 398.00
v -8.50 110.00 522.00
v -8.50 103.00 522.00
v -6.00 103.00 522.00
v -6.00 110.00 522.00
v -8.50 230.00 398.00
v -8.50 110.00 398.00
v -6.00 110.00 398.00
v -6.00 230.00 398.00
v -8.50 230.00 405.00
v -8.50 110.00 405.00
v -6.00 110.00 405.00
v -6.00 230.00 405.00
v -8.50 230.00 515.00
v -8.50 110.00 515.00
v -6.00 110.00 515.00
v -6.00 230.00 515.00
v -8.50 230.00 522.00
v -8.50 110.00 522.00
v -6.00 110.00 522.00
v -6.00 230.00 522.00
v -8.50 764.00 305.00
v -8.50 754.00 305.00
v -6.00 754.00 305.00
v -6.00 764.00 305.00
v -8.50 764.00 585.00
v -8.50 754.00 585.00
v -6.00 754.00 585.00
v -6.00 764.00 585.00
v -8.50 4.00 305.00
v -8.50 -6.00 305.00
v -6.00 -6.00 305.00
v -6.00 4.00 305.00
v -8.50 4.00 585.00
v -8.50 -6.00 585.00
v -6.00 -6.00 585.00
v -6.00 4.00 585.00
v 498.00 210.00 305.00
v 498.00 214.00 305.00
v 486.00 214.00 305.00
v 486.00 210.00 305.00
v 498.00 210.00 515.00
v 498.00 214.00 515.00
v 486.00 214.00 515.00
v 486.00 210.00 515.00
v 498.00 296.00 305.00
v 498.00 300.00 305.00
v 486.00 300.00 305.00
v 486.00 296.00 305.00
v 498.00 296.00 515.00
v 498.00 300.00 515.00
v 486.00 300.00 515.00
v 486.00 296.00 515.00
v 594.00 415.50 305.00
v 603.00 415.50 305.00
v 603.00 424.50 305.00
v 594.00 424.50 305.00
v 594.00 415.50 410.00
v 603.00 415.50 410.00
v 603.00 424.50 410.00
v 594.00 424.50 410.00
v 673.50 415.50 305.00
v 682.50 415.50 305.00
v 682.50 424.50 305.00
v 673.50 424.50 305.00
v 673.50 415.50 410.00
v 682.50 415.50 410.00
v 682.50 424.50 410.00
v 673.50 424.50 410.00
v 753.00 415.50 305.00
v 762.00 415.50 305.00
v 762.00 424.50 305.00
v 753.00 424.50 305.00
v 753.00 415.50 410.00
v 762.00 415.50 410.00
v 762.00 424.50 410.00
v 753.00 424.50 410.00
v 508.50 420.00 305.00
v 508.50 429.00 305.00
v 499.50 429.00 305.00
v 499.50 420.00 305.00
v 508.50 420.00 410.00
v 508.50 429.00 410.00
v 499.50 429.00 410.00
v 499.50 420.00 410.00
v 508.50 537.00 305.00
v 508.50 546.00 305.00
v 499.50 546.00 305.00
v 499.50 537.00 305.00
v 508.50 537.00 410.00
v 508.50 546.00 410.00
v 499.50 546.00 410.00
v 499.50 537.00 410.00
v -46.00 -288.50 562.24
v 384.00 -288.50 852.28
v 384.00 -286.00 852.28
v -46.00 -286.00 562.24
v -46.00 -288.50 583.95
v 384.00 -288.50 873.99
v 384.00 -286.00 873.99
v -46.00 -286.00 583.95
v 384.00 -288.50 852.28
v 814.00 -288.50 562.24
v 814.00 -286.00 562.24
v 384.00 -286.00 852.28
v 384.00 -288.50 873.99
v 814.00 -288.50 583.95
v 814.00 -286.00 583.95
v 384.00 -286.00 873.99
v -46.00 804.00 562.24
v 384.00 804.00 852.28
v 384.00 806.50 852.28
v -46.00 806.50 562.24
v -46.00 804.00 583.95
v 384.00 804.00 873.99
v 384.00 806.50 873.99
v -46.00 806.50 583.95
v 384.00 804.00 852.28
v 814.00 804.00 562.24
v 814.00 806.50 562.24
v 384.00 806.50 852.28
v 384.00 804.00 873.99
v 814.00 804.00 583.95
v 814.00 806.50 583.95
v 384.00 806.50 873.99
v -6.00 90.50 525.00
v -61.00 90.50 580.00
v -61.00 97.50 580.00
v -6.00 97.50 525.00
v -6.00 90.50 535.00
v -61.00 90.50 590.00
v -61.00 97.50 590.00
v -6.00 97.50 535.00
v -6.00 420.50 525.00
v -61.00 420.50 580.00
v -61.00 427.50 580.00
v -6.00 427.50 525.00
v -6.00 420.50 535.00
v -61.00 420.50 590.00
v -61.00 427.50 590.00
v -6.00 427.50 535.00
v 774.00 90.50 525.00
v 829.00 90.50 580.00
v 829.00 97.50 580.00
v 774.00 97.50 525.00
v 774.00 90.50 535.00
v 829.00 90.50 590.00
v 829.00 97.50 590.00
v 774.00 97.50 535.00
v 774.00 420.50 525.00
v 829.00 420.50 580.00
v 829.00 427.50 580.00
v 774.00 427.50 525.00
v 774.00 420.50 535.00
v 829.00 420.50 590.00
v 829.00 427.50 590.00
v 774.00 427.50 535.00
v -10.50 -6.00 0.00
v -10.50 -15.00 0.00
v -1.50 -15.00 0.00
v -1.50 -6.00 0.00
v -10.50 -6.00 100.00
v -10.50 -15.00 100.00
v -1.50 -15.00 100.00
v -1.50 -6.00 100.00
v -10.50 -121.50 0.00
v -10.50 -130.50 0.00
v -1.50 -130.50 0.00
v -1.50 -121.50 0.00
v -10.50 -121.50 100.00
v -10.50 -130.50 100.00
v -1.50 -130.50 100.00
v -1.50 -121.50 100.00
v -10.50 -237.00 0.00
v -10.50 -246.00 0.00
v -1.50 -246.00 0.00
v -1.50 -237.00 0.00
v -10.50 -237.00 100.00
v -10.50 -246.00 100.00
v -1.50 -246.00 100.00
v -1.50 -237.00 100.00
v 778.50 -246.00 0.00
v 778.50 -237.00 0.00
v 769.50 -237.00 0.00
v 769.50 -246.00 0.00
v 778.50 -246.00 100.00
v 778.50 -237.00 100.00
v 769.50 -237.00 100.00
v 769.50 -246.00 100.00
v 778.50 -130.50 0.00
v 778.50 -121.50 0.00
v 769.50 -121.50 0.00
v 769.50 -130.50 0.00
v 778.50 -130.50 100.00
v 778.50 -121.50 100.00
v 769.50 -121.50 100.00
v 769.50 -130.50 100.00
v 778.50 -15.00 0.00
v 778.50 -6.00 0.00
v 769.50 -6.00 0.00
v 769.50 -15.00 0.00
v 778.50 -15.00 100.00
v 778.50 -6.00 100.00
v 769.50 -6.00 100.00
v 769.50 -15.00 100.00
v -6.00 -250.50 305.00
v 3.00 -250.50 305.00
v 3.00 -241.50 305.00
v -6.00 -241.50 305.00
v -6.00 -250.50 415.00
v 3.00 -250.50 415.00
v 3.00 -241.50 415.00
v -6.00 -241.50 415.00
v 122.50 -250.50 305.00
v 131.50 -250.50 305.00
v 131.50 -241.50 305.00
v 122.50 -241.50 305.00
v 122.50 -250.50 415.00
v 131.50 -250.50 415.00
v 131.50 -241.50 415.00
v 122.50 -241.50 415.00
v 251.00 -250.50 305.00
v 260.00 -250.50 305.00
v 260.00 -241.50 305.00
v 251.00 -241.50 305.00
v 251.00 -250.50 415.00
v 260.00 -250.50 415.00
v 260.00 -241.50 415.00
v 251.00 -241.50 415.00
v 379.50 -250.50 305.00
v 388.50 -250.50 305.00
v 388.50 -241.50 305.00
v 379.50 -241.50 305.00
v 379.50 -250.50 415.00
v 388.50 -250.50 415.00
v 388.50 -241.50 415.00
v 379.50 -241.50 415.00
v 508.00 -250.50 305.00
v 517.00 -250.50 305.00
v 517.00 -241.50 305.00
v 508.00 -241.50 305.00
v 508.00 -250.50 415.00
v 517.00 -250.50 415.00
v 517.00 -241.50 415.00
v 508.00 -241.50 415.00
v 636.50 -250.50 305.00
v 645.50 -250.50 305.00
v 645.50 -241.50 305.00
v 636.50 -241.50 305.00
v 636.50 -250.50 415.00
v 645.50 -250.50 415.00
v 645.50 -241.50 415.00
v 636.50 -241.50 415.00
v 765.00 -250.50 305.00
v 774.00 -250.50 305.00
v 774.00 -241.50 305.00
v 765.00 -241.50 305.00
v 765.00 -250.50 415.00
v 774.00 -250.50 415.00
v 774.00 -241.50 415.00
v 765.00 -241.50 415.00
v 778.50 -246.00 305.00
v 778.50 -237.00 305.00
v 769.50 -237.00 305.00
v 769.50 -246.00 305.00
v 778.50 -246.00 415.00
v 778.50 -237.00 415.00
v 769.50 -237.00 415.00
v 769.50 -246.00 415.00
v 778.50 -130.50 305.00
v 778.50 -121.50 305.00
v 769.50 -121.50 305.00
v 769.50 -130.50 305.00
v 778.50 -130.50 415.00
v 778.50 -121.50 415.00
v 769.50 -121.50 415.00
v 769.50 -130.50 415.00
v 778.50 -15.00 305.00
v 778.50 -6.00 305.00
v 769.50 -6.00 305.00
v 769.50 -15.00 305.00
v 778.50 -15.00 415.00
v 778.50 -6.00 415.00
v 769.50 -6.00 415.00
v 769.50 -15.00 415.00
v -10.50 -6.00 305.00
v -10.50 -15.00 305.00
v -1.50 -15.00 305.00
v -1.50 -6.00 305.00
v -10.50 -6.00 415.00
v -10.50 -15.00 415.00
v -1.50 -15.00 415.00
v -1.50 -6.00 415.00
v -10.50 -121.50 305.00
v -10.50 -130.50 305.00
v -1.50 -130.50 305.00
v -1.50 -121.50 305.00
v -10.50 -121.50 415.00
v -10.50 -130.50 415.00
v -1.50 -130.50 415.00
v -1.50 -121.50 415.00
v -10.50 -237.00 305.00
v -10.50 -246.00 305.00
v -1.50 -246.00 305.00
v -1.50 -237.00 305.00
v -10.50 -237.00 415.00
v -10.50 -246.00 415.00
v -1.50 -246.00 415.00
v -1.50 -237.00 415.00
v -9.00 -247.00 0.00
v 9.00 -247.00 0.00
v 9.00 -229.00 0.00
v -9.00 -229.00 0.00
v -9.00 -247.00 589.05
v 9.00 -247.00 589.05
v 9.00 -229.00 589.05
v -9.00 -229.00 589.05
v 759.00 -247.00 0.00
v 777.00 -247.00 0.00
v 777.00 -229.00 0.00
v 759.00 -229.00 0.00
v 759.00 -247.00 589.05
v 777.00 -247.00 589.05
v 777.00 -229.00 589.05
v 759.00 -229.00 589.05
v -6.00 -246.00 563.00
v 774.00 -246.00 563.00
v 774.00 -230.00 563.00
v -6.00 -230.00 563.00
v -6.00 -246.00 585.00
v 774.00 -246.00 585.00
v 774.00 -230.00 585.00
v -6.00 -230.00 585.00
usemtl trim
f 2072 2071 2070 2069
f 2073 2074 2075 2076
f 2069 2070 2074 2073
f 2070 2071 2075 2074
f 2071 2072 2076 2075
f 2072 2069 2073 2076
f 2080 2079 2078 2077
f 2081 2082 2083 2084
f 2077 2078 2082 2081
f 2078 2079 2083 2082
f 2079 2080 2084 2083
f 2080 2077 2081 2084
f 2088 2087 2086 2085
f 2089 2090 2091 2092
f 2085 2086 2090 2089
f 2086 2087 2091 2090
f 2087 2088 2092 2091
f 2088 2085 2089 2092
f 2096 2095 2094 2093
f 2097 2098 2099 2100
f 2093 2094 2098 2097
f 2094 2095 2099 2098
f 2095 2096 2100 2099
f 2096 2093 2097 2100
f 2104 2103 2102 2101
f 2105 2106 2107 2108
f 2101 2102 2106 2105
f 2102 2103 2107 2106
f 2103 2104 2108 2107
f 2104 2101 2105 2108
f 2112 2111 2110 2109
f 2113 2114 2115 2116
f 2109 2110 2114 2113
f 2110 2111 2115 2114
f 2111 2112 2116 2115
f 2112 2109 2113 2116
f 2120 2119 2118 2117
f 2121 2122 2123 2124
f 2117 2118 2122 2121
f 2118 2119 2123 2122
f 2119 2120 2124 2123
f 2120 2117 2121 2124
f 2128 2127 2126 2125
f 2129 2130 2131 2132
f 2125 2126 2130 2129
f 2126 2127 2131 2130
f 2127 2128 2132 2131
f 2128 2125 2129 2132
f 2136 2135 2134 2133
f 2137 2138 2139 2140
f 2133 2134 2138 2137
f 2134 2135 2139 2138
f 2135 2136 2140 2139
f 2136 2133 2137 2140
f 2144 2143 2142 2141
f 2145 2146 2147 2148
f 2141 2142 2146 2145
f 2142 2143 2147 2146
f 2143 2144 2148 2147
f 2144 2141 2145 2148
f 2152 2151 2150 2149
f 2153 2154 2155 2156
f 2149 2150 2154 2153
f 2150 2151 2155 2154
f 2151 2152 2156 2155
f 2152 2149 2153 2156
f 2160 2159 2158 2157
f 2161 2162 2163 2164
f 2157 2158 2162 2161
f 2158 2159 2163 2162
f 2159 2160 2164 2163
f 2160 2157 2161 2164
f 2168 2167 2166 2165
f 2169 2170 2171 2172
f 2165 2166 2170 2169
f 2166 2167 2171 2170
f 2167 2168 2172 2171
f 2168 2165 2169 2172
f 2176 2175 2174 2173
f 2177 2178 2179 2180
f 2173 2174 2178 2177
f 2174 2175 2179 2178
f 2175 2176 2180 2179
f 2176 2173 2177 2180
f 2184 2183 2182 2181
f 2185 2186 2187 2188
f 2181 2182 2186 2185
f 2182 2183 2187 2186
f 2183 2184 2188 2187
f 2184 2181 2185 2188
f 2192 2191 2190 2189
f 2193 2194 2195 2196
f 2189 2190 2194 2193
f 2190 2191 2195 2194
f 2191 2192 2196 2195
f 2192 2189 2193 2196
f 2200 2199 2198 2197
f 2201 2202 2203 2204
f 2197 2198 2202 2201
f 2198 2199 2203 2202
f 2199 2200 2204 2203
f 2200 2197 2201 2204
f 2208 2207 2206 2205
f 2209 2210 2211 2212
f 2205 2206 2210 2209
f 2206 2207 2211 2210
f 2207 2208 2212 2211
f 2208 2205 2209 2212
f 2216 2215 2214 2213
f 2217 2218 2219 2220
f 2213 2214 2218 2217
f 2214 2215 2219 2218
f 2215 2216 2220 2219
f 2216 2213 2217 2220
f 2224 2223 2222 2221
f 2225 2226 2227 2228
f 2221 2222 2226 2225
f 2222 2223 2227 2226
f 2223 2224 2228 2227
f 2224 2221 2225 2228
f 2232 2231 2230 2229
f 2233 2234 2235 2236
f 2229 2230 2234 2233
f 2230 2231 2235 2234
f 2231 2232 2236 2235
f 2232 2229 2233 2236
f 2240 2239 2238 2237
f 2241 2242 2243 2244
f 2237 2238 2242 2241
f 2238 2239 2243 2242
f 2239 2240 2244 2243
f 2240 2237 2241 2244
f 2248 2247 2246 2245
f 2249 2250 2251 2252
f 2245 2246 2250 2249
f 2246 2247 2251 2250
f 2247 2248 2252 2251
f 2248 2245 2249 2252
f 2256 2255 2254 2253
f 2257 2258 2259 2260
f 2253 2254 2258 2257
f 2254 2255 2259 2258
f 2255 2256 2260 2259
f 2256 2253 2257 2260
f 2264 2263 2262 2261
f 2265 2266 2267 2268
f 2261 2262 2266 2265
f 2262 2263 2267 2266
f 2263 2264 2268 2267
f 2264 2261 2265 2268
f 2272 2271 2270 2269
f 2273 2274 2275 2276
f 2269 2270 2274 2273
f 2270 2271 2275 2274
f 2271 2272 2276 2275
f 2272 2269 2273 2276
f 2280 2279 2278 2277
f 2281 2282 2283 2284
f 2277 2278 2282 2281
f 2278 2279 2283 2282
f 2279 2280 2284 2283
f 2280 2277 2281 2284
f 2288 2287 2286 2285
f 2289 2290 2291 2292
f 2285 2286 2290 2289
f 2286 2287 2291 2290
f 2287 2288 2292 2291
f 2288 2285 2289 2292
f 2296 2295 2294 2293
f 2297 2298 2299 2300
f 2293 2294 2298 2297
f 2294 2295 2299 2298
f 2295 2296 2300 2299
f 2296 2293 2297 2300
f 2304 2303 2302 2301
f 2305 2306 2307 2308
f 2301 2302 2306 2305
f 2302 2303 2307 2306
f 2303 2304 2308 2307
f 2304 2301 2305 2308
f 2312 2311 2310 2309
f 2313 2314 2315 2316
f 2309 2310 2314 2313
f 2310 2311 2315 2314
f 2311 2312 2316 2315
f 2312 2309 2313 2316
f 2320 2319 2318 2317
f 2321 2322 2323 2324
f 2317 2318 2322 2321
f 2318 2319 2323 2322
f 2319 2320 2324 2323
f 2320 2317 2321 2324
f 2328 2327 2326 2325
f 2329 2330 2331 2332
f 2325 2326 2330 2329
f 2326 2327 2331 2330
f 2327 2328 2332 2331
f 2328 2325 2329 2332
f 2336 2335 2334 2333
f 2337 2338 2339 2340
f 2333 2334 2338 2337
f 2334 2335 2339 2338
f 2335 2336 2340 2339
f 2336 2333 2337 2340
f 2344 2343 2342 2341
f 2345 2346 2347 2348
f 2341 2342 2346 2345
f 2342 2343 2347 2346
f 2343 2344 2348 2347
f 2344 2341 2345 2348
f 2352 2351 2350 2349
f 2353 2354 2355 2356
f 2349 2350 2354 2353
f 2350 2351 2355 2354
f 2351 2352 2356 2355
f 2352 2349 2353 2356
f 2360 2359 2358 2357
f 2361 2362 2363 2364
f 2357 2358 2362 2361
f 2358 2359 2363 2362
f 2359 2360 2364 2363
f 2360 2357 2361 2364
f 2368 2367 2366 2365
f 2369 2370 2371 2372
f 2365 2366 2370 2369
f 2366 2367 2371 2370
f 2367 2368 2372 2371
f 2368 2365 2369 2372
f 2376 2375 2374 2373
f 2377 2378 2379 2380
f 2373 2374 2378 2377
f 2374 2375 2379 2378
f 2375 2376 2380 2379
f 2376 2373 2377 2380
f 2384 2383 2382 2381
f 2385 2386 2387 2388
f 2381 2382 2386 2385
f 2382 2383 2387 2386
f 2383 2384 2388 2387
f 2384 2381 2385 2388
f 2392 2391 2390 2389
f 2393 2394 2395 2396
f 2389 2390 2394 2393
f 2390 2391 2395 2394
f 2391 2392 2396 2395
f 2392 2389 2393 2396
f 2400 2399 2398 2397
f 2401 2402 2403 2404
f 2397 2398 2402 2401
f 2398 2399 2403 2402
f 2399 2400 2404 2403
f 2400 2397 2401 2404
f 2408 2407 2406 2405
f 2409 2410 2411 2412
f 2405 2406 2410 2409
f 2406 2407 2411 2410
f 2407 2408 2412 2411
f 2408 2405 2409 2412
f 2416 2415 2414 2413
f 2417 2418 2419 2420
f 2413 2414 2418 2417
f 2414 2415 2419 2418
f 2415 2416 2420 2419
f 2416 2413 2417 2420
f 2424 2423 2422 2421
f 2425 2426 2427 2428
f 2421 2422 2426 2425
f 2422 2423 2427 2426
f 2423 2424 2428 2427
f 2424 2421 2425 2428
f 2432 2431 2430 2429
f 2433 2434 2435 2436
f 2429 2430 2434 2433
f 2430 2431 2435 2434
f 2431 2432 2436 2435
f 2432 2429 2433 2436
f 2440 2439 2438 2437
f 2441 2442 2443 2444
f 2437 2438 2442 2441
f 2438 2439 2443 2442
f 2439 2440 2444 2443
f 2440 2437 2441 2444
f 2448 2447 2446 2445
f 2449 2450 2451 2452
f 2445 2446 2450 2449
f 2446 2447 2451 2450
f 2447 2448 2452 2451
f 2448 2445 2449 2452
f 2456 2455 2454 2453
f 2457 2458 2459 2460
f 2453 2454 2458 2457
f 2454 2455 2459 2458
f 2455 2456 2460 2459
f 2456 2453 2457 2460
f 2464 2463 2462 2461
f 2465 2466 2467 2468
f 2461 2462 2466 2465
f 2462 2463 2467 2466
f 2463 2464 2468 2467
f 2464 2461 2465 2468
f 2472 2471 2470 2469
f 2473 2474 2475 2476
f 2469 2470 2474 2473
f 2470 2471 2475 2474
f 2471 2472 2476 2475
f 2472 2469 2473 2476
f 2480 2479 2478 2477
f 2481 2482 2483 2484
f 2477 2478 2482 2481
f 2478 2479 2483 2482
f 2479 2480 2484 2483
f 2480 2477 2481 2484
f 2488 2487 2486 2485
f 2489 2490 2491 2492
f 2485 2486 2490 2489
f 2486 2487 2491 2490
f 2487 2488 2492 2491
f 2488 2485 2489 2492
f 2496 2495 2494 2493
f 2497 2498 2499 2500
f 2493 2494 2498 2497
f 2494 2495 2499 2498
f 2495 2496 2500 2499
f 2496 2493 2497 2500
f 2504 2503 2502 2501
f 2505 2506 2507 2508
f 2501 2502 2506 2505
f 2502 2503 2507 2506
f 2503 2504 2508 2507
f 2504 2501 2505 2508
f 2512 2511 2510 2509
f 2513 2514 2515 2516
f 2509 2510 2514 2513
f 2510 2511 2515 2514
f 2511 2512 2516 2515
f 2512 2509 2513 2516
f 2520 2519 2518 2517
f 2521 2522 2523 2524
f 2517 2518 2522 2521
f 2518 2519 2523 2522
f 2519 2520 2524 2523
f 2520 2517 2521 2524
f 2528 2527 2526 2525
f 2529 2530 2531 2532
f 2525 2526 2530 2529
f 2526 2527 2531 2530
f 2527 2528 2532 2531
f 2528 2525 2529 2532
f 2536 2535 2534 2533
f 2537 2538 2539 2540
f 2533 2534 2538 2537
f 2534 2535 2539 2538
f 2535 2536 2540 2539
f 2536 2533 2537 2540
f 2544 2543 2542 2541
f 2545 2546 2547 2548
f 2541 2542 2546 2545
f 2542 2543 2547 2546
f 2543 2544 2548 2547
f 2544 2541 2545 2548
f 2552 2551 2550 2549
f 2553 2554 2555 2556
f 2549 2550 2554 2553
f 2550 2551 2555 2554
f 2551 2552 2556 2555
f 2552 2549 2553 2556
f 2560 2559 2558 2557
f 2561 2562 2563 2564
f 2557 2558 2562 2561
f 2558 2559 2563 2562
f 2559 2560 2564 2563
f 2560 2557 2561 2564
f 2568 2567 2566 2565
f 2569 2570 2571 2572
f 2565 2566 2570 2569
f 2566 2567 2571 2570
f 2567 2568 2572 2571
f 2568 2565 2569 2572
f 2576 2575 2574 2573
f 2577 2578 2579 2580
f 2573 2574 2578 2577
f 2574 2575 2579 2578
f 2575 2576 2580 2579
f 2576 2573 2577 2580
f 2584 2583 2582 2581
f 2585 2586 2587 2588
f 2581 2582 2586 2585
f 2582 2583 2587 2586
f 2583 2584 2588 2587
f 2584 2581 2585 2588
f 2592 2591 2590 2589
f 2593 2594 2595 2596
f 2589 2590 2594 2593
f 2590 2591 2595 2594
f 2591 2592 2596 2595
f 2592 2589 2593 2596
f 2600 2599 2598 2597
f 2601 2602 2603 2604
f 2597 2598 2602 2601
f 2598 2599 2603 2602
f 2599 2600 2604 2603
f 2600 2597 2601 2604
f 2608 2607 2606 2605
f 2609 2610 2611 2612
f 2605 2606 2610 2609
f 2606 2607 2611 2610
f 2607 2608 2612 2611
f 2608 2605 2609 2612
f 2616 2615 2614 2613
f 2617 2618 2619 2620
f 2613 2614 2618 2617
f 2614 2615 2619 2618
f 2615 2616 2620 2619
f 2616 2613 2617 2620
f 2624 2623 2622 2621
f 2625 2626 2627 2628
f 2621 2622 2626 2625
f 2622 2623 2627 2626
f 2623 2624 2628 2627
f 2624 2621 2625 2628
f 2632 2631 2630 2629
f 2633 2634 2635 2636
f 2629 2630 2634 2633
f 2630 2631 2635 2634
f 2631 2632 2636 2635
f 2632 2629 2633 2636
f 2640 2639 2638 2637
f 2641 2642 2643 2644
f 2637 2638 2642 2641
f 2638 2639 2643 2642
f 2639 2640 2644 2643
f 2640 2637 2641 2644
f 2648 2647 2646 2645
f 2649 2650 2651 2652
f 2645 2646 2650 2649
f 2646 2647 2651 2650
f 2647 2648 2652 2651
f 2648 2645 2649 2652
f 2656 2655 2654 2653
f 2657 2658 2659 2660
f 2653 2654 2658 2657
f 2654 2655 2659 2658
f 2655 2656 2660 2659
f 2656 2653 2657 2660
f 2664 2663 2662 2661
f 2665 2666 2667 2668
f 2661 2662 2666 2665
f 2662 2663 2667 2666
f 2663 2664 2668 2667
f 2664 2661 2665 2668
f 2672 2671 2670 2669
f 2673 2674 2675 2676
f 2669 2670 2674 2673
f 2670 2671 2675 2674
f 2671 2672 2676 2675
f 2672 2669 2673 2676
f 2680 2679 2678 2677
f 2681 2682 2683 2684
f 2677 2678 2682 2681
f 2678 2679 2683 2682
f 2679 2680 2684 2683
f 2680 2677 2681 2684
f 2688 2687 2686 2685
f 2689 2690 2691 2692
f 2685 2686 2690 2689
f 2686 2687 2691 2690
f 2687 2688 2692 2691
f 2688 2685 2689 2692
f 2696 2695 2694 2693
f 2697 2698 2699 2700
f 2693 2694 2698 2697
f 2694 2695 2699 2698
f 2695 2696 2700 2699
f 2696 2693 2697 2700
f 2704 2703 2702 2701
f 2705 2706 2707 2708
f 2701 2702 2706 2705
f 2702 2703 2707 2706
f 2703 2704 2708 2707
f 2704 2701 2705 2708
f 2712 2711 2710 2709
f 2713 2714 2715 2716
f 2709 2710 2714 2713
f 2710 2711 2715 2714
f 2711 2712 2716 2715
f 2712 2709 2713 2716
f 2720 2719 2718 2717
f 2721 2722 2723 2724
f 2717 2718 2722 2721
f 2718 2719 2723 2722
f 2719 2720 2724 2723
f 2720 2717 2721 2724
f 2728 2727 2726 2725
f 2729 2730 2731 2732
f 2725 2726 2730 2729
f 2726 2727 2731 2730
f 2727 2728 2732 2731
f 2728 2725 2729 2732
f 2736 2735 2734 2733
f 2737 2738 2739 2740
f 2733 2734 2738 2737
f 2734 2735 2739 2738
f 2735 2736 2740 2739
f 2736 2733 2737 2740
f 2744 2743 2742 2741
f 2745 2746 2747 2748
f 2741 2742 2746 2745
f 2742 2743 2747 2746
f 2743 2744 2748 2747
f 2744 2741 2745 2748
f 2752 2751 2750 2749
f 2753 2754 2755 2756
f 2749 2750 2754 2753
f 2750 2751 2755 2754
f 2751 2752 2756 2755
f 2752 2749 2753 2756
f 2757 2758 2759 2760
f 2764 2763 2762 2761
f 2761 2762 2758 2757
f 2762 2763 2759 2758
f 2763 2764 2760 2759
f 2764 2761 2757 2760
f 2765 2766 2767 2768
f 2772 2771 2770 2769
f 2769 2770 2766 2765
f 2770 2771 2767 2766
f 2771 2772 2768 2767
f 2772 2769 2765 2768
f 2776 2775 2774 2773
f 2777 2778 2779 2780
f 2773 2774 2778 2777
f 2774 2775 2779 2778
f 2775 2776 2780 2779
f 2776 2773 2777 2780
f 2784 2783 2782 2781
f 2785 2786 2787 2788
f 2781 2782 2786 2785
f 2782 2783 2787 2786
f 2783 2784 2788 2787
f 2784 2781 2785 2788
f 2792 2791 2790 2789
f 2793 2794 2795 2796
f 2789 2790 2794 2793
f 2790 2791 2795 2794
f 2791 2792 2796 2795
f 2792 2789 2793 2796
f 2800 2799 2798 2797
f 2801 2802 2803 2804
f 2797 2798 2802 2801
f 2798 2799 2803 2802
f 2799 2800 2804 2803
f 2800 2797 2801 2804
f 2808 2807 2806 2805
f 2809 2810 2811 2812
f 2805 2806 2810 2809
f 2806 2807 2811 2810
f 2807 2808 2812 2811
f 2808 2805 2809 2812
f 2816 2815 2814 2813
f 2817 2818 2819 2820
f 2813 2814 2818 2817
f 2814 2815 2819 2818
f 2815 2816 2820 2819
f 2816 2813 2817 2820
f 2824 2823 2822 2821
f 2825 2826 2827 2828
f 2821 2822 2826 2825
f 2822 2823 2827 2826
f 2823 2824 2828 2827
f 2824 2821 2825 2828
f 2832 2831 2830 2829
f 2833 2834 2835 2836
f 2829 2830 2834 2833
f 2830 2831 2835 2834
f 2831 2832 2836 2835
f 2832 2829 2833 2836
f 2840 2839 2838 2837
f 2841 2842 2843 2844
f 2837 2838 2842 2841
f 2838 2839 2843 2842
f 2839 2840 2844 2843
f 2840 2837 2841 2844
f 2848 2847 2846 2845
f 2849 2850 2851 2852
f 2845 2846 2850 2849
f 2846 2847 2851 2850
f 2847 2848 2852 2851
f 2848 2845 2849 2852
f 2856 2855 2854 2853
f 2857 2858 2859 2860
f 2853 2854 2858 2857
f 2854 2855 2859 2858
f 2855 2856 2860 2859
f 2856 2853 2857 2860
f 2864 2863 2862 2861
f 2865 2866 2867 2868
f 2861 2862 2866 2865
f 2862 2863 2867 2866
f 2863 2864 2868 2867
f 2864 2861 2865 2868
f 2872 2871 2870 2869
f 2873 2874 2875 2876
f 2869 2870 2874 2873
f 2870 2871 2875 2874
f 2871 2872 2876 2875
f 2872 2869 2873 2876
f 2880 2879 2878 2877
f 2881 2882 2883 2884
f 2877 2878 2882 2881
f 2878 2879 2883 2882
f 2879 2880 2884 2883
f 2880 2877 2881 2884
f 2888 2887 2886 2885
f 2889 2890 2891 2892
f 2885 2886 2890 2889
f 2886 2887 2891 2890
f 2887 2888 2892 2891
f 2888 2885 2889 2892
f 2896 2895 2894 2893
f 2897 2898 2899 2900
f 2893 2894 2898 2897
f 2894 2895 2899 2898
f 2895 2896 2900 2899
f 2896 2893 2897 2900
f 2904 2903 2902 2901
f 2905 2906 2907 2908
f 2901 2902 2906 2905
f 2902 2903 2907 2906
f 2903 2904 2908 2907
f 2904 2901 2905 2908
f 2912 2911 2910 2909
f 2913 2914 2915 2916
f 2909 2910 2914 2913
f 2910 2911 2915 2914
f 2911 2912 2916 2915
f 2912 2909 2913 2916
f 2920 2919 2918 2917
f 2921 2922 2923 2924
f 2917 2918 2922 2921
f 2918 2919 2923 2922
f 2919 2920 2924 2923
f 2920 2917 2921 2924
f 2928 2927 2926 2925
f 2929 2930 2931 2932
f 2925 2926 2930 2929
f 2926 2927 2931 2930
f 2927 2928 2932 2931
f 2928 2925 2929 2932
f 2936 2935 2934 2933
f 2937 2938 2939 2940
f 2933 2934 2938 2937
f 2934 2935 2939 2938
f 2935 2936 2940 2939
f 2936 2933 2937 2940
f 2944 2943 2942 2941
f 2945 2946 2947 2948
f 2941 2942 2946 2945
f 2942 2943 2947 2946
f 2943 2944 2948 2947
f 2944 2941 2945 2948
f 2952 2951 2950 2949
f 2953 2954 2955 2956
f 2949 2950 2954 2953
f 2950 2951 2955 2954
f 2951 2952 2956 2955
f 2952 2949 2953 2956
f 2960 2959 2958 2957
f 2961 2962 2963 2964
f 2957 2958 2962 2961
f 2958 2959 2963 2962
f 2959 2960 2964 2963
f 2960 2957 2961 2964
o wood_in
v 0.00 396.00 0.00
v 372.00 396.00 0.00
v 372.00 408.00 0.00
v 0.00 408.00 0.00
v 0.00 396.00 280.00
v 372.00 396.00 280.00
v 372.00 408.00 280.00
v 0.00 408.00 280.00
v 752.00 396.00 0.00
v 768.00 396.00 0.00
v 768.00 408.00 0.00
v 752.00 408.00 0.00
v 752.00 396.00 280.00
v 768.00 396.00 280.00
v 768.00 408.00 280.00
v 752.00 408.00 280.00
v 372.00 396.00 240.00
v 752.00 396.00 240.00
v 752.00 408.00 240.00
v 372.00 408.00 240.00
v 372.00 396.00 280.00
v 752.00 396.00 280.00
v 752.00 408.00 280.00
v 372.00 408.00 280.00
v 342.00 402.00 0.00
v 342.00 440.00 0.00
v 330.00 440.00 0.00
v 330.00 402.00 0.00
v 342.00 402.00 280.00
v 342.00 440.00 280.00
v 330.00 440.00 280.00
v 330.00 402.00 280.00
v 342.00 520.00 0.00
v 342.00 758.00 0.00
v 330.00 758.00 0.00
v 330.00 520.00 0.00
v 342.00 520.00 280.00
v 342.00 758.00 280.00
v 330.00 758.00 280.00
v 330.00 520.00 280.00
v 342.00 440.00 210.00
v 342.00 520.00 210.00
v 330.00 520.00 210.00
v 330.00 440.00 210.00
v 342.00 440.00 280.00
v 342.00 520.00 280.00
v 330.00 520.00 280.00
v 330.00 440.00 280.00
v 336.00 540.00 0.00
v 376.00 540.00 0.00
v 376.00 552.00 0.00
v 336.00 552.00 0.00
v 336.00 540.00 280.00
v 376.00 540.00 280.00
v 376.00 552.00 280.00
v 336.00 552.00 280.00
v 446.00 540.00 0.00
v 498.00 540.00 0.00
v 498.00 552.00 0.00
v 446.00 552.00 0.00
v 446.00 540.00 280.00
v 498.00 540.00 280.00
v 498.00 552.00 280.00
v 446.00 552.00 280.00
v 376.00 540.00 210.00
v 446.00 540.00 210.00
v 446.00 552.00 210.00
v 376.00 552.00 210.00
v 376.00 540.00 280.00
v 446.00 540.00 280.00
v 446.00 552.00 280.00
v 376.00 552.00 280.00
v 504.00 546.00 0.00
v 504.00 758.00 0.00
v 492.00 758.00 0.00
v 492.00 546.00 0.00
v 504.00 546.00 280.00
v 504.00 758.00 280.00
v 492.00 758.00 280.00
v 492.00 546.00 280.00
v 0.00 318.00 305.00
v 380.00 318.00 305.00
v 380.00 330.00 305.00
v 0.00 330.00 305.00
v 0.00 318.00 585.00
v 380.00 318.00 585.00
v 380.00 330.00 585.00
v 0.00 330.00 585.00
v 460.00 318.00 305.00
v 768.00 318.00 305.00
v 768.00 330.00 305.00
v 460.00 330.00 305.00
v 460.00 318.00 585.00
v 768.00 318.00 585.00
v 768.00 330.00 585.00
v 460.00 330.00 585.00
v 380.00 318.00 515.00
v 460.00 318.00 515.00
v 460.00 330.00 515.00
v 380.00 330.00 515.00
v 380.00 318.00 585.00
v 460.00 318.00 585.00
v 460.00 330.00 585.00
v 380.00 330.00 585.00
v 342.00 324.00 305.00
v 342.00 340.00 305.00
v 330.00 340.00 305.00
v 330.00 324.00 305.00
v 342.00 324.00 585.00
v 342.00 340.00 585.00
v 330.00 340.00 585.00
v 330.00 324.00 585.00
v 342.00 420.00 305.00
v 342.00 758.00 305.00
v 330.00 758.00 305.00
v 330.00 420.00 305.00
v 342.00 420.00 585.00
v 342.00 758.00 585.00
v 330.00 758.00 585.00
v 330.00 420.00 585.00
v 342.00 340.00 515.00
v 342.00 420.00 515.00
v 330.00 420.00 515.00
v 330.00 340.00 515.00
v 342.00 340.00 585.00
v 342.00 420.00 585.00
v 330.00 420.00 585.00
v 330.00 340.00 585.00
v 336.00 540.00 305.00
v 376.00 540.00 305.00
v 376.00 552.00 305.00
v 336.00 552.00 305.00
v 336.00 540.00 585.00
v 376.00 540.00 585.00
v 376.00 552.00 585.00
v 336.00 552.00 585.00
v 446.00 540.00 305.00
v 498.00 540.00 305.00
v 498.00 552.00 305.00
v 446.00 552.00 305.00
v 446.00 540.00 585.00
v 498.00 540.00 585.00
v 498.00 552.00 585.00
v 446.00 552.00 585.00
v 376.00 540.00 515.00
v 446.00 540.00 515.00
v 446.00 552.00 515.00
v 376.00 552.00 515.00
v 376.00 540.00 585.00
v 446.00 540.00 585.00
v 446.00 552.00 585.00
v 376.00 552.00 585.00
v 504.00 546.00 305.00
v 504.00 758.00 305.00
v 492.00 758.00 305.00
v 492.00 546.00 305.00
v 504.00 546.00 585.00
v 504.00 758.00 585.00
v 492.00 758.00 585.00
v 492.00 546.00 585.00
v 498.00 0.00 305.00
v 498.00 210.00 305.00
v 486.00 210.00 305.00
v 486.00 0.00 305.00
v 498.00 0.00 585.00
v 498.00 210.00 585.00
v 486.00 210.00 585.00
v 486.00 0.00 585.00
v 498.00 300.00 305.00
v 498.00 324.00 305.00
v 486.00 324.00 305.00
v 486.00 300.00 305.00
v 498.00 300.00 585.00
v 498.00 324.00 585.00
v 486.00 324.00 585.00
v 486.00 300.00 585.00
v 498.00 210.00 515.00
v 498.00 300.00 515.00
v 486.00 300.00 515.00
v 486.00 210.00 515.00
v 498.00 210.00 585.00
v 498.00 300.00 585.00
v 486.00 300.00 585.00
v 486.00 210.00 585.00
v 492.00 186.00 305.00
v 612.00 186.00 305.00
v 612.00 198.00 305.00
v 492.00 198.00 305.00
v 492.00 186.00 585.00
v 612.00 186.00 585.00
v 612.00 198.00 585.00
v 492.00 198.00 585.00
v 682.00 186.00 305.00
v 768.00 186.00 305.00
v 768.00 198.00 305.00
v 682.00 198.00 305.00
v 682.00 186.00 585.00
v 768.00 186.00 585.00
v 768.00 198.00 585.00
v 682.00 198.00 585.00
v 612.00 186.00 515.00
v 682.00 186.00 515.00
v 682.00 198.00 515.00
v 612.00 198.00 515.00
v 612.00 186.00 585.00
v 682.00 186.00 585.00
v 682.00 198.00 585.00
v 612.00 198.00 585.00
usemtl wood_in
f 2968 2967 2966 2965
f 2969 2970 2971 2972
f 2965 2966 2970 2969
f 2966 2967 2971 2970
f 2967 2968 2972 2971
f 2968 2965 2969 2972
f 2976 2975 2974 2973
f 2977 2978 2979 2980
f 2973 2974 2978 2977
f 2974 2975 2979 2978
f 2975 2976 2980 2979
f 2976 2973 2977 2980
f 2984 2983 2982 2981
f 2985 2986 2987 2988
f 2981 2982 2986 2985
f 2982 2983 2987 2986
f 2983 2984 2988 2987
f 2984 2981 2985 2988
f 2992 2991 2990 2989
f 2993 2994 2995 2996
f 2989 2990 2994 2993
f 2990 2991 2995 2994
f 2991 2992 2996 2995
f 2992 2989 2993 2996
f 3000 2999 2998 2997
f 3001 3002 3003 3004
f 2997 2998 3002 3001
f 2998 2999 3003 3002
f 2999 3000 3004 3003
f 3000 2997 3001 3004
f 3008 3007 3006 3005
f 3009 3010 3011 3012
f 3005 3006 3010 3009
f 3006 3007 3011 3010
f 3007 3008 3012 3011
f 3008 3005 3009 3012
f 3016 3015 3014 3013
f 3017 3018 3019 3020
f 3013 3014 3018 3017
f 3014 3015 3019 3018
f 3015 3016 3020 3019
f 3016 3013 3017 3020
f 3024 3023 3022 3021
f 3025 3026 3027 3028
f 3021 3022 3026 3025
f 3022 3023 3027 3026
f 3023 3024 3028 3027
f 3024 3021 3025 3028
f 3032 3031 3030 3029
f 3033 3034 3035 3036
f 3029 3030 3034 3033
f 3030 3031 3035 3034
f 3031 3032 3036 3035
f 3032 3029 3033 3036
f 3040 3039 3038 3037
f 3041 3042 3043 3044
f 3037 3038 3042 3041
f 3038 3039 3043 3042
f 3039 3040 3044 3043
f 3040 3037 3041 3044
f 3048 3047 3046 3045
f 3049 3050 3051 3052
f 3045 3046 3050 3049
f 3046 3047 3051 3050
f 3047 3048 3052 3051
f 3048 3045 3049 3052
f 3056 3055 3054 3053
f 3057 3058 3059 3060
f 3053 3054 3058 3057
f 3054 3055 3059 3058
f 3055 3056 3060 3059
f 3056 3053 3057 3060
f 3064 3063 3062 3061
f 3065 3066 3067 3068
f 3061 3062 3066 3065
f 3062 3063 3067 3066
f 3063 3064 3068 3067
f 3064 3061 3065 3068
f 3072 3071 3070 3069
f 3073 3074 3075 3076
f 3069 3070 3074 3073
f 3070 3071 3075 3074
f 3071 3072 3076 3075
f 3072 3069 3073 3076
f 3080 3079 3078 3077
f 3081 3082 3083 3084
f 3077 3078 3082 3081
f 3078 3079 3083 3082
f 3079 3080 3084 3083
f 3080 3077 3081 3084
f 3088 3087 3086 3085
f 3089 3090 3091 3092
f 3085 3086 3090 3089
f 3086 3087 3091 3090
f 3087 3088 3092 3091
f 3088 3085 3089 3092
f 3096 3095 3094 3093
f 3097 3098 3099 3100
f 3093 3094 3098 3097
f 3094 3095 3099 3098
f 3095 3096 3100 3099
f 3096 3093 3097 3100
f 3104 3103 3102 3101
f 3105 3106 3107 3108
f 3101 3102 3106 3105
f 3102 3103 3107 3106
f 3103 3104 3108 3107
f 3104 3101 3105 3108
f 3112 3111 3110 3109
f 3113 3114 3115 3116
f 3109 3110 3114 3113
f 3110 3111 3115 3114
f 3111 3112 3116 3115
f 3112 3109 3113 3116
f 3120 3119 3118 3117
f 3121 3122 3123 3124
f 3117 3118 3122 3121
f 3118 3119 3123 3122
f 3119 3120 3124 3123
f 3120 3117 3121 3124
f 3128 3127 3126 3125
f 3129 3130 3131 3132
f 3125 3126 3130 3129
f 3126 3127 3131 3130
f 3127 3128 3132 3131
f 3128 3125 3129 3132
f 3136 3135 3134 3133
f 3137 3138 3139 3140
f 3133 3134 3138 3137
f 3134 3135 3139 3138
f 3135 3136 3140 3139
f 3136 3133 3137 3140
f 3144 3143 3142 3141
f 3145 3146 3147 3148
f 3141 3142 3146 3145
f 3142 3143 3147 3146
f 3143 3144 3148 3147
f 3144 3141 3145 3148
f 3152 3151 3150 3149
f 3153 3154 3155 3156
f 3149 3150 3154 3153
f 3150 3151 3155 3154
f 3151 3152 3156 3155
f 3152 3149 3153 3156
f 3160 3159 3158 3157
f 3161 3162 3163 3164
f 3157 3158 3162 3161
f 3158 3159 3163 3162
f 3159 3160 3164 3163
f 3160 3157 3161 3164
f 3168 3167 3166 3165
f 3169 3170 3171 3172
f 3165 3166 3170 3169
f 3166 3167 3171 3170
f 3167 3168 3172 3171
f 3168 3165 3169 3172
o door
v 338.00 446.00 0.00
v 338.00 514.00 0.00
v 334.00 514.00 0.00
v 334.00 446.00 0.00
v 338.00 446.00 204.00
v 338.00 514.00 204.00
v 334.00 514.00 204.00
v 334.00 446.00 204.00
v 382.00 544.00 0.00
v 440.00 544.00 0.00
v 440.00 548.00 0.00
v 382.00 548.00 0.00
v 382.00 544.00 204.00
v 440.00 544.00 204.00
v 440.00 548.00 204.00
v 382.00 548.00 204.00
v 386.00 322.00 305.00
v 454.00 322.00 305.00
v 454.00 326.00 305.00
v 386.00 326.00 305.00
v 386.00 322.00 509.00
v 454.00 322.00 509.00
v 454.00 326.00 509.00
v 386.00 326.00 509.00
v 338.00 346.00 305.00
v 338.00 414.00 305.00
v 334.00 414.00 305.00
v 334.00 346.00 305.00
v 338.00 346.00 509.00
v 338.00 414.00 509.00
v 334.00 414.00 509.00
v 334.00 346.00 509.00
v 382.00 544.00 305.00
v 440.00 544.00 305.00
v 440.00 548.00 305.00
v 382.00 548.00 305.00
v 382.00 544.00 509.00
v 440.00 544.00 509.00
v 440.00 548.00 509.00
v 382.00 548.00 509.00
v 618.00 190.00 305.00
v 676.00 190.00 305.00
v 676.00 194.00 305.00
v 618.00 194.00 305.00
v 618.00 190.00 509.00
v 676.00 190.00 509.00
v 676.00 194.00 509.00
v 618.00 194.00 509.00
usemtl door
f 3176 3175 3174 3173
f 3177 3178 3179 3180
f 3173 3174 3178 3177
f 3174 3175 3179 3178
f 3175 3176 3180 3179
f 3176 3173 3177 3180
f 3184 3183 3182 3181
f 3185 3186 3187 3188
f 3181 3182 3186 3185
f 3182 3183 3187 3186
f 3183 3184 3188 3187
f 3184 3181 3185 3188
f 3192 3191 3190 3189
f 3193 3194 3195 3196
f 3189 3190 3194 3193
f 3190 3191 3195 3194
f 3191 3192 3196 3195
f 3192 3189 3193 3196
f 3200 3199 3198 3197
f 3201 3202 3203 3204
f 3197 3198 3202 3201
f 3198 3199 3203 3202
f 3199 3200 3204 3203
f 3200 3197 3201 3204
f 3208 3207 3206 3205
f 3209 3210 3211 3212
f 3205 3206 3210 3209
f 3206 3207 3211 3210
f 3207 3208 3212 3211
f 3208 3205 3209 3212
f 3216 3215 3214 3213
f 3217 3218 3219 3220
f 3213 3214 3218 3217
f 3214 3215 3219 3218
f 3215 3216 3220 3219
f 3216 3213 3217 3220
o ceiling
v -6.00 -6.00 302.50
v 774.00 -6.00 302.50
v 774.00 420.00 302.50
v -6.00 420.00 302.50
v -6.00 -6.00 305.00
v 774.00 -6.00 305.00
v 774.00 420.00 305.00
v -6.00 420.00 305.00
v -6.00 752.00 302.50
v 774.00 752.00 302.50
v 774.00 764.00 302.50
v -6.00 764.00 302.50
v -6.00 752.00 305.00
v 774.00 752.00 305.00
v 774.00 764.00 305.00
v -6.00 764.00 305.00
v -6.00 420.00 302.50
v 504.00 420.00 302.50
v 504.00 752.00 302.50
v -6.00 752.00 302.50
v -6.00 420.00 305.00
v 504.00 420.00 305.00
v 504.00 752.00 305.00
v -6.00 752.00 305.00
v 762.00 420.00 302.50
v 774.00 420.00 302.50
v 774.00 752.00 302.50
v 762.00 752.00 302.50
v 762.00 420.00 305.00
v 774.00 420.00 305.00
v 774.00 752.00 305.00
v 762.00 752.00 305.00
usemtl ceiling
f 3224 3223 3222 3221
f 3225 3226 3227 3228
f 3221 3222 3226 3225
f 3222 3223 3227 3226
f 3223 3224 3228 3227
f 3224 3221 3225 3228
f 3232 3231 3230 3229
f 3233 3234 3235 3236
f 3229 3230 3234 3233
f 3230 3231 3235 3234
f 3231 3232 3236 3235
f 3232 3229 3233 3236
f 3240 3239 3238 3237
f 3241 3242 3243 3244
f 3237 3238 3242 3241
f 3238 3239 3243 3242
f 3239 3240 3244 3243
f 3240 3237 3241 3244
f 3248 3247 3246 3245
f 3249 3250 3251 3252
f 3245 3246 3250 3249
f 3246 3247 3251 3250
f 3247 3248 3252 3251
f 3248 3245 3249 3252
o joist
v 7.00 5.00 287.50
v 761.00 5.00 287.50
v 761.00 10.00 287.50
v 7.00 10.00 287.50
v 7.00 5.00 302.50
v 761.00 5.00 302.50
v 761.00 10.00 302.50
v 7.00 10.00 302.50
v 7.00 65.00 287.50
v 761.00 65.00 287.50
v 761.00 70.00 287.50
v 7.00 70.00 287.50
v 7.00 65.00 302.50
v 761.00 65.00 302.50
v 761.00 70.00 302.50
v 7.00 70.00 302.50
v 7.00 125.00 287.50
v 761.00 125.00 287.50
v 761.00 130.00 287.50
v 7.00 130.00 287.50
v 7.00 125.00 302.50
v 761.00 125.00 302.50
v 761.00 130.00 302.50
v 7.00 130.00 302.50
v 7.00 185.00 287.50
v 761.00 185.00 287.50
v 761.00 190.00 287.50
v 7.00 190.00 287.50
v 7.00 185.00 302.50
v 761.00 185.00 302.50
v 761.00 190.00 302.50
v 7.00 190.00 302.50
v 7.00 245.00 287.50
v 761.00 245.00 287.50
v 761.00 250.00 287.50
v 7.00 250.00 287.50
v 7.00 245.00 302.50
v 761.00 245.00 302.50
v 761.00 250.00 302.50
v 7.00 250.00 302.50
v 7.00 305.00 287.50
v 761.00 305.00 287.50
v 761.00 310.00 287.50
v 7.00 310.00 287.50
v 7.00 305.00 302.50
v 761.00 305.00 302.50
v 761.00 310.00 302.50
v 7.00 310.00 302.50
v 7.00 365.00 287.50
v 761.00 365.00 287.50
v 761.00 370.00 287.50
v 7.00 370.00 287.50
v 7.00 365.00 302.50
v 761.00 365.00 302.50
v 761.00 370.00 302.50
v 7.00 370.00 302.50
v 7.00 431.00 287.50
v 504.00 431.00 287.50
v 504.00 436.00 287.50
v 7.00 436.00 287.50
v 7.00 431.00 302.50
v 504.00 431.00 302.50
v 504.00 436.00 302.50
v 7.00 436.00 302.50
v 7.00 491.00 287.50
v 504.00 491.00 287.50
v 504.00 496.00 287.50
v 7.00 496.00 287.50
v 7.00 491.00 302.50
v 504.00 491.00 302.50
v 504.00 496.00 302.50
v 7.00 496.00 302.50
v 7.00 551.00 287.50
v 504.00 551.00 287.50
v 504.00 556.00 287.50
v 7.00 556.00 287.50
v 7.00 551.00 302.50
v 504.00 551.00 302.50
v 504.00 556.00 302.50
v 7.00 556.00 302.50
v 7.00 611.00 287.50
v 504.00 611.00 287.50
v 504.00 616.00 287.50
v 7.00 616.00 287.50
v 7.00 611.00 302.50
v 504.00 611.00 302.50
v 504.00 616.00 302.50
v 7.00 616.00 302.50
v 7.00 671.00 287.50
v 504.00 671.00 287.50
v 504.00 676.00 287.50
v 7.00 676.00 287.50
v 7.00 671.00 302.50
v 504.00 671.00 302.50
v 504.00 676.00 302.50
v 7.00 676.00 302.50
v 7.00 731.00 287.50
v 504.00 731.00 287.50
v 504.00 736.00 287.50
v 7.00 736.00 287.50
v 7.00 731.00 302.50
v 504.00 731.00 302.50
v 504.00 736.00 302.50
v 7.00 736.00 302.50
v 0.00 396.00 280.00
v 768.00 396.00 280.00
v 768.00 408.00 280.00
v 0.00 408.00 280.00
v 0.00 396.00 302.50
v 768.00 396.00 302.50
v 768.00 408.00 302.50
v 0.00 408.00 302.50
v 342.00 402.00 280.00
v 342.00 758.00 280.00
v 330.00 758.00 280.00
v 330.00 402.00 280.00
v 342.00 402.00 302.50
v 342.00 758.00 302.50
v 330.00 758.00 302.50
v 330.00 402.00 302.50
v 336.00 540.00 280.00
v 498.00 540.00 280.00
v 498.00 552.00 280.00
v 336.00 552.00 280.00
v 336.00 540.00 302.50
v 498.00 540.00 302.50
v 498.00 552.00 302.50
v 336.00 552.00 302.50
v 504.00 546.00 280.00
v 504.00 758.00 280.00
v 492.00 758.00 280.00
v 492.00 546.00 280.00
v 504.00 546.00 302.50
v 504.00 758.00 302.50
v 492.00 758.00 302.50
v 492.00 546.00 302.50
usemtl joist
f 3256 3255 3254 3253
f 3257 3258 3259 3260
f 3253 3254 3258 3257
f 3254 3255 3259 3258
f 3255 3256 3260 3259
f 3256 3253 3257 3260
f 3264 3263 3262 3261
f 3265 3266 3267 3268
f 3261 3262 3266 3265
f 3262 3263 3267 3266
f 3263 3264 3268 3267
f 3264 3261 3265 3268
f 3272 3271 3270 3269
f 3273 3274 3275 3276
f 3269 3270 3274 3273
f 3270 3271 3275 3274
f 3271 3272 3276 3275
f 3272 3269 3273 3276
f 3280 3279 3278 3277
f 3281 3282 3283 3284
f 3277 3278 3282 3281
f 3278 3279 3283 3282
f 3279 3280 3284 3283
f 3280 3277 3281 3284
f 3288 3287 3286 3285
f 3289 3290 3291 3292
f 3285 3286 3290 3289
f 3286 3287 3291 3290
f 3287 3288 3292 3291
f 3288 3285 3289 3292
f 3296 3295 3294 3293
f 3297 3298 3299 3300
f 3293 3294 3298 3297
f 3294 3295 3299 3298
f 3295 3296 3300 3299
f 3296 3293 3297 3300
f 3304 3303 3302 3301
f 3305 3306 3307 3308
f 3301 3302 3306 3305
f 3302 3303 3307 3306
f 3303 3304 3308 3307
f 3304 3301 3305 3308
f 3312 3311 3310 3309
f 3313 3314 3315 3316
f 3309 3310 3314 3313
f 3310 3311 3315 3314
f 3311 3312 3316 3315
f 3312 3309 3313 3316
f 3320 3319 3318 3317
f 3321 3322 3323 3324
f 3317 3318 3322 3321
f 3318 3319 3323 3322
f 3319 3320 3324 3323
f 3320 3317 3321 3324
f 3328 3327 3326 3325
f 3329 3330 3331 3332
f 3325 3326 3330 3329
f 3326 3327 3331 3330
f 3327 3328 3332 3331
f 3328 3325 3329 3332
f 3336 3335 3334 3333
f 3337 3338 3339 3340
f 3333 3334 3338 3337
f 3334 3335 3339 3338
f 3335 3336 3340 3339
f 3336 3333 3337 3340
f 3344 3343 3342 3341
f 3345 3346 3347 3348
f 3341 3342 3346 3345
f 3342 3343 3347 3346
f 3343 3344 3348 3347
f 3344 3341 3345 3348
f 3352 3351 3350 3349
f 3353 3354 3355 3356
f 3349 3350 3354 3353
f 3350 3351 3355 3354
f 3351 3352 3356 3355
f 3352 3349 3353 3356
f 3360 3359 3358 3357
f 3361 3362 3363 3364
f 3357 3358 3362 3361
f 3358 3359 3363 3362
f 3359 3360 3364 3363
f 3360 3357 3361 3364
f 3368 3367 3366 3365
f 3369 3370 3371 3372
f 3365 3366 3370 3369
f 3366 3367 3371 3370
f 3367 3368 3372 3371
f 3368 3365 3369 3372
f 3376 3375 3374 3373
f 3377 3378 3379 3380
f 3373 3374 3378 3377
f 3374 3375 3379 3378
f 3375 3376 3380 3379
f 3376 3373 3377 3380
f 3384 3383 3382 3381
f 3385 3386 3387 3388
f 3381 3382 3386 3385
f 3382 3383 3387 3386
f 3383 3384 3388 3387
f 3384 3381 3385 3388
o stair
v 672.00 420.00 13.94
v 762.00 420.00 13.94
v 762.00 447.00 13.94
v 672.00 447.00 13.94
v 672.00 420.00 17.94
v 762.00 420.00 17.94
v 762.00 447.00 17.94
v 672.00 447.00 17.94
v 674.00 420.00 0.00
v 760.00 420.00 0.00
v 760.00 422.00 0.00
v 674.00 422.00 0.00
v 674.00 420.00 13.94
v 760.00 420.00 13.94
v 760.00 422.00 13.94
v 674.00 422.00 13.94
v 672.00 447.00 31.88
v 762.00 447.00 31.88
v 762.00 474.00 31.88
v 672.00 474.00 31.88
v 672.00 447.00 35.88
v 762.00 447.00 35.88
v 762.00 474.00 35.88
v 672.00 474.00 35.88
v 674.00 447.00 17.94
v 760.00 447.00 17.94
v 760.00 449.00 17.94
v 674.00 449.00 17.94
v 674.00 447.00 31.88
v 760.00 447.00 31.88
v 760.00 449.00 31.88
v 674.00 449.00 31.88
v 672.00 474.00 49.82
v 762.00 474.00 49.82
v 762.00 501.00 49.82
v 672.00 501.00 49.82
v 672.00 474.00 53.82
v 762.00 474.00 53.82
v 762.00 501.00 53.82
v 672.00 501.00 53.82
v 674.00 474.00 35.88
v 760.00 474.00 35.88
v 760.00 476.00 35.88
v 674.00 476.00 35.88
v 674.00 474.00 49.82
v 760.00 474.00 49.82
v 760.00 476.00 49.82
v 674.00 476.00 49.82
v 672.00 501.00 67.76
v 762.00 501.00 67.76
v 762.00 528.00 67.76
v 672.00 528.00 67.76
v 672.00 501.00 71.76
v 762.00 501.00 71.76
v 762.00 528.00 71.76
v 672.00 528.00 71.76
v 674.00 501.00 53.82
v 760.00 501.00 53.82
v 760.00 503.00 53.82
v 674.00 503.00 53.82
v 674.00 501.00 67.76
v 760.00 501.00 67.76
v 760.00 503.00 67.76
v 674.00 503.00 67.76
v 672.00 528.00 85.71
v 762.00 528.00 85.71
v 762.00 555.00 85.71
v 672.00 555.00 85.71
v 672.00 528.00 89.71
v 762.00 528.00 89.71
v 762.00 555.00 89.71
v 672.00 555.00 89.71
v 674.00 528.00 71.76
v 760.00 528.00 71.76
v 760.00 530.00 71.76
v 674.00 530.00 71.76
v 674.00 528.00 85.71
v 760.00 528.00 85.71
v 760.00 530.00 85.71
v 674.00 530.00 85.71
v 672.00 555.00 103.65
v 762.00 555.00 103.65
v 762.00 582.00 103.65
v 672.00 582.00 103.65
v 672.00 555.00 107.65
v 762.00 555.00 107.65
v 762.00 582.00 107.65
v 672.00 582.00 107.65
v 674.00 555.00 89.71
v 760.00 555.00 89.71
v 760.00 557.00 89.71
v 674.00 557.00 89.71
v 674.00 555.00 103.65
v 760.00 555.00 103.65
v 760.00 557.00 103.65
v 674.00 557.00 103.65
v 672.00 582.00 121.59
v 762.00 582.00 121.59
v 762.00 609.00 121.59
v 672.00 609.00 121.59
v 672.00 582.00 125.59
v 762.00 582.00 125.59
v 762.00 609.00 125.59
v 672.00 609.00 125.59
v 674.00 582.00 107.65
v 760.00 582.00 107.65
v 760.00 584.00 107.65
v 674.00 584.00 107.65
v 674.00 582.00 121.59
v 760.00 582.00 121.59
v 760.00 584.00 121.59
v 674.00 584.00 121.59
v 672.00 609.00 139.53
v 762.00 609.00 139.53
v 762.00 636.00 139.53
v 672.00 636.00 139.53
v 672.00 609.00 143.53
v 762.00 609.00 143.53
v 762.00 636.00 143.53
v 672.00 636.00 143.53
v 674.00 609.00 125.59
v 760.00 609.00 125.59
v 760.00 611.00 125.59
v 674.00 611.00 125.59
v 674.00 609.00 139.53
v 760.00 609.00 139.53
v 760.00 611.00 139.53
v 674.00 611.00 139.53
v 504.00 609.00 175.41
v 594.00 609.00 175.41
v 594.00 636.00 175.41
v 504.00 636.00 175.41
v 504.00 609.00 179.41
v 594.00 609.00 179.41
v 594.00 636.00 179.41
v 504.00 636.00 179.41
v 506.00 634.00 161.47
v 592.00 634.00 161.47
v 592.00 636.00 161.47
v 506.00 636.00 161.47
v 506.00 634.00 175.41
v 592.00 634.00 175.41
v 592.00 636.00 175.41
v 506.00 636.00 175.41
v 504.00 582.00 193.35
v 594.00 582.00 193.35
v 594.00 609.00 193.35
v 504.00 609.00 193.35
v 504.00 582.00 197.35
v 594.00 582.00 197.35
v 594.00 609.00 197.35
v 504.00 609.00 197.35
v 506.00 607.00 179.41
v 592.00 607.00 179.41
v 592.00 609.00 179.41
v 506.00 609.00 179.41
v 506.00 607.00 193.35
v 592.00 607.00 193.35
v 592.00 609.00 193.35
v 506.00 609.00 193.35
v 504.00 555.00 211.29
v 594.00 555.00 211.29
v 594.00 582.00 211.29
v 504.00 582.00 211.29
v 504.00 555.00 215.29
v 594.00 555.00 215.29
v 594.00 582.00 215.29
v 504.00 582.00 215.29
v 506.00 580.00 197.35
v 592.00 580.00 197.35
v 592.00 582.00 197.35
v 506.00 582.00 197.35
v 506.00 580.00 211.29
v 592.00 580.00 211.29
v 592.00 582.00 211.29
v 506.00 582.00 211.29
v 504.00 528.00 229.24
v 594.00 528.00 229.24
v 594.00 555.00 229.24
v 504.00 555.00 229.24
v 504.00 528.00 233.24
v 594.00 528.00 233.24
v 594.00 555.00 233.24
v 504.00 555.00 233.24
v 506.00 553.00 215.29
v 592.00 553.00 215.29
v 592.00 555.00 215.29
v 506.00 555.00 215.29
v 506.00 553.00 229.24
v 592.00 553.00 229.24
v 592.00 555.00 229.24
v 506.00 555.00 229.24
v 504.00 501.00 247.18
v 594.00 501.00 247.18
v 594.00 528.00 247.18
v 504.00 528.00 247.18
v 504.00 501.00 251.18
v 594.00 501.00 251.18
v 594.00 528.00 251.18
v 504.00 528.00 251.18
v 506.00 526.00 233.24
v 592.00 526.00 233.24
v 592.00 528.00 233.24
v 506.00 528.00 233.24
v 506.00 526.00 247.18
v 592.00 526.00 247.18
v 592.00 528.00 247.18
v 506.00 528.00 247.18
v 504.00 474.00 265.12
v 594.00 474.00 265.12
v 594.00 501.00 265.12
v 504.00 501.00 265.12
v 504.00 474.00 269.12
v 594.00 474.00 269.12
v 594.00 501.00 269.12
v 504.00 501.00 269.12
v 506.00 499.00 251.18
v 592.00 499.00 251.18
v 592.00 501.00 251.18
v 506.00 501.00 251.18
v 506.00 499.00 265.12
v 592.00 499.00 265.12
v 592.00 501.00 265.12
v 506.00 501.00 265.12
v 504.00 447.00 283.06
v 594.00 447.00 283.06
v 594.00 474.00 283.06
v 504.00 474.00 283.06
v 504.00 447.00 287.06
v 594.00 447.00 287.06
v 594.00 474.00 287.06
v 504.00 474.00 287.06
v 506.00 472.00 269.12
v 592.00 472.00 269.12
v 592.00 474.00 269.12
v 506.00 474.00 269.12
v 506.00 472.00 283.06
v 592.00 472.00 283.06
v 592.00 474.00 283.06
v 506.00 474.00 283.06
v 504.00 636.00 141.47
v 762.00 636.00 141.47
v 762.00 726.00 141.47
v 504.00 726.00 141.47
v 504.00 636.00 161.47
v 762.00 636.00 161.47
v 762.00 726.00 161.47
v 504.00 726.00 161.47
v 672.00 420.00 0.00
v 677.00 420.00 0.00
v 677.00 636.00 127.47
v 672.00 636.00 127.47
v 672.00 420.00 21.94
v 677.00 420.00 21.94
v 677.00 636.00 165.47
v 672.00 636.00 165.47
v 757.00 420.00 0.00
v 762.00 420.00 0.00
v 762.00 636.00 127.47
v 757.00 636.00 127.47
v 757.00 420.00 21.94
v 762.00 420.00 21.94
v 762.00 636.00 165.47
v 757.00 636.00 165.47
v 504.00 636.00 145.41
v 509.00 636.00 145.41
v 509.00 447.00 271.00
v 504.00 447.00 271.00
v 504.00 636.00 183.41
v 509.00 636.00 183.41
v 509.00 447.00 309.00
v 504.00 447.00 309.00
v 589.00 636.00 145.41
v 594.00 636.00 145.41
v 594.00 447.00 271.00
v 589.00 447.00 271.00
v 589.00 636.00 183.41
v 594.00 636.00 183.41
v 594.00 447.00 309.00
v 589.00 447.00 309.00
v 674.00 420.00 107.94
v 680.00 420.00 107.94
v 680.00 636.00 251.47
v 674.00 636.00 251.47
v 674.00 420.00 112.94
v 680.00 420.00 112.94
v 680.00 636.00 256.47
v 674.00 636.00 256.47
v 675.20 430.20 17.94
v 678.80 430.20 17.94
v 678.80 433.80 17.94
v 675.20 433.80 17.94
v 675.20 430.20 115.92
v 678.80 430.20 115.92
v 678.80 433.80 115.92
v 675.20 433.80 115.92
v 675.20 442.20 17.94
v 678.80 442.20 17.94
v 678.80 445.80 17.94
v 675.20 445.80 17.94
v 675.20 442.20 123.89
v 678.80 442.20 123.89
v 678.80 445.80 123.89
v 675.20 445.80 123.89
v 675.20 454.20 35.88
v 678.80 454.20 35.88
v 678.80 457.80 35.88
v 675.20 457.80 35.88
v 675.20 454.20 131.86
v 678.80 454.20 131.86
v 678.80 457.80 131.86
v 675.20 457.80 131.86
v 675.20 466.20 35.88
v 678.80 466.20 35.88
v 678.80 469.80 35.88
v 675.20 469.80 35.88
v 675.20 466.20 139.84
v 678.80 466.20 139.84
v 678.80 469.80 139.84
v 675.20 469.80 139.84
v 675.20 478.20 53.82
v 678.80 478.20 53.82
v 678.80 481.80 53.82
v 675.20 481.80 53.82
v 675.20 478.20 147.81
v 678.80 478.20 147.81
v 678.80 481.80 147.81
v 675.20 481.80 147.81
v 675.20 490.20 53.82
v 678.80 490.20 53.82
v 678.80 493.80 53.82
v 675.20 493.80 53.82
v 675.20 490.20 155.78
v 678.80 490.20 155.78
v 678.80 493.80 155.78
v 675.20 493.80 155.78
v 675.20 502.20 71.76
v 678.80 502.20 71.76
v 678.80 505.80 71.76
v 675.20 505.80 71.76
v 675.20 502.20 163.76
v 678.80 502.20 163.76
v 678.80 505.80 163.76
v 675.20 505.80 163.76
v 675.20 514.20 71.76
v 678.80 514.20 71.76
v 678.80 517.80 71.76
v 675.20 517.80 71.76
v 675.20 514.20 171.73
v 678.80 514.20 171.73
v 678.80 517.80 171.73
v 675.20 517.80 171.73
v 675.20 526.20 71.76
v 678.80 526.20 71.76
v 678.80 529.80 71.76
v 675.20 529.80 71.76
v 675.20 526.20 179.71
v 678.80 526.20 179.71
v 678.80 529.80 179.71
v 675.20 529.80 179.71
v 675.20 538.20 89.71
v 678.80 538.20 89.71
v 678.80 541.80 89.71
v 675.20 541.80 89.71
v 675.20 538.20 187.68
v 678.80 538.20 187.68
v 678.80 541.80 187.68
v 675.20 541.80 187.68
v 675.20 550.20 89.71
v 678.80 550.20 89.71
v 678.80 553.80 89.71
v 675.20 553.80 89.71
v 675.20 550.20 195.65
v 678.80 550.20 195.65
v 678.80 553.80 195.65
v 675.20 553.80 195.65
v 675.20 562.20 107.65
v 678.80 562.20 107.65
v 678.80 565.80 107.65
v 675.20 565.80 107.65
v 675.20 562.20 203.63
v 678.80 562.20 203.63
v 678.80 565.80 203.63
v 675.20 565.80 203.63
v 675.20 574.20 107.65
v 678.80 574.20 107.65
v 678.80 577.80 107.65
v 675.20 577.80 107.65
v 675.20 574.20 211.60
v 678.80 574.20 211.60
v 678.80 577.80 211.60
v 675.20 577.80 211.60
v 675.20 586.20 125.59
v 678.80 586.20 125.59
v 678.80 589.80 125.59
v 675.20 589.80 125.59
v 675.20 586.20 219.58
v 678.80 586.20 219.58
v 678.80 589.80 219.58
v 675.20 589.80 219.58
v 675.20 598.20 125.59
v 678.80 598.20 125.59
v 678.80 601.80 125.59
v 675.20 601.80 125.59
v 675.20 598.20 227.55
v 678.80 598.20 227.55
v 678.80 601.80 227.55
v 675.20 601.80 227.55
v 675.20 610.20 143.53
v 678.80 610.20 143.53
v 678.80 613.80 143.53
v 675.20 613.80 143.53
v 675.20 610.20 235.52
v 678.80 610.20 235.52
v 678.80 613.80 235.52
v 675.20 613.80 235.52
v 675.20 622.20 143.53
v 678.80 622.20 143.53
v 678.80 625.80 143.53
v 675.20 625.80 143.53
v 675.20 622.20 243.50
v 678.80 622.20 243.50
v 678.80 625.80 243.50
v 675.20 625.80 243.50
v 672.50 420.00 17.94
v 681.50 420.00 17.94
v 681.50 424.50 17.94
v 672.50 424.50 17.94
v 672.50 420.00 119.94
v 681.50 420.00 119.94
v 681.50 424.50 119.94
v 672.50 424.50 119.94
v 672.50 631.50 143.53
v 681.50 631.50 143.53
v 681.50 636.00 143.53
v 672.50 636.00 143.53
v 672.50 631.50 263.47
v 681.50 631.50 263.47
v 681.50 636.00 263.47
v 672.50 636.00 263.47
v 586.00 636.00 269.41
v 592.00 636.00 269.41
v 592.00 447.00 395.00
v 586.00 447.00 395.00
v 586.00 636.00 274.41
v 592.00 636.00 274.41
v 592.00 447.00 400.00
v 586.00 447.00 400.00
v 587.20 622.39 179.41
v 590.80 622.39 179.41
v 590.80 625.99 179.41
v 587.20 625.99 179.41
v 587.20 622.39 277.26
v 590.80 622.39 277.26
v 590.80 625.99 277.26
v 587.20 625.99 277.26
v 587.20 610.58 179.41
v 590.80 610.58 179.41
v 590.80 614.17 179.41
v 587.20 614.17 179.41
v 587.20 610.58 285.11
v 590.80 610.58 285.11
v 590.80 614.17 285.11
v 587.20 614.17 285.11
v 587.20 598.76 197.35
v 590.80 598.76 197.35
v 590.80 602.36 197.35
v 587.20 602.36 197.35
v 587.20 598.76 292.96
v 590.80 598.76 292.96
v 590.80 602.36 292.96
v 587.20 602.36 292.96
v 587.20 586.95 197.35
v 590.80 586.95 197.35
v 590.80 590.55 197.35
v 587.20 590.55 197.35
v 587.20 586.95 300.81
v 590.80 586.95 300.81
v 590.80 590.55 300.81
v 587.20 590.55 300.81
v 587.20 575.14 215.29
v 590.80 575.14 215.29
v 590.80 578.74 215.29
v 587.20 578.74 215.29
v 587.20 575.14 308.66
v 590.80 575.14 308.66
v 590.80 578.74 308.66
v 587.20 578.74 308.66
v 587.20 563.33 215.29
v 590.80 563.33 215.29
v 590.80 566.92 215.29
v 587.20 566.92 215.29
v 587.20 563.33 316.51
v 590.80 563.33 316.51
v 590.80 566.92 316.51
v 587.20 566.92 316.51
v 587.20 551.51 233.24
v 590.80 551.51 233.24
v 590.80 555.11 233.24
v 587.20 555.11 233.24
v 587.20 551.51 324.36
v 590.80 551.51 324.36
v 590.80 555.11 324.36
v 587.20 555.11 324.36
v 587.20 539.70 233.24
v 590.80 539.70 233.24
v 590.80 543.30 233.24
v 587.20 543.30 233.24
v 587.20 539.70 332.21
v 590.80 539.70 332.21
v 590.80 543.30 332.21
v 587.20 543.30 332.21
v 587.20 527.89 233.24
v 590.80 527.89 233.24
v 590.80 531.49 233.24
v 587.20 531.49 233.24
v 587.20 527.89 340.06
v 590.80 527.89 340.06
v 590.80 531.49 340.06
v 587.20 531.49 340.06
v 587.20 516.08 251.18
v 590.80 516.08 251.18
v 590.80 519.67 251.18
v 587.20 519.67 251.18
v 587.20 516.08 347.90
v 590.80 516.08 347.90
v 590.80 519.67 347.90
v 587.20 519.67 347.90
v 587.20 504.26 251.18
v 590.80 504.26 251.18
v 590.80 507.86 251.18
v 587.20 507.86 251.18
v 587.20 504.26 355.75
v 590.80 504.26 355.75
v 590.80 507.86 355.75
v 587.20 507.86 355.75
v 587.20 492.45 269.12
v 590.80 492.45 269.12
v 590.80 496.05 269.12
v 587.20 496.05 269.12
v 587.20 492.45 363.60
v 590.80 492.45 363.60
v 590.80 496.05 363.60
v 587.20 496.05 363.60
v 587.20 480.64 269.12
v 590.80 480.64 269.12
v 590.80 484.24 269.12
v 587.20 484.24 269.12
v 587.20 480.64 371.45
v 590.80 480.64 371.45
v 590.80 484.24 371.45
v 587.20 484.24 371.45
v 587.20 468.82 287.06
v 590.80 468.82 287.06
v 590.80 472.43 287.06
v 587.20 472.43 287.06
v 587.20 468.82 379.30
v 590.80 468.82 379.30
v 590.80 472.43 379.30
v 587.20 472.43 379.30
v 587.20 457.01 287.06
v 590.80 457.01 287.06
v 590.80 460.61 287.06
v 587.20 460.61 287.06
v 587.20 457.01 387.15
v 590.80 457.01 387.15
v 590.80 460.61 387.15
v 587.20 460.61 387.15
v 584.50 631.50 179.41
v 593.50 631.50 179.41
v 593.50 636.00 179.41
v 584.50 636.00 179.41
v 584.50 631.50 281.41
v 593.50 631.50 281.41
v 593.50 636.00 281.41
v 584.50 636.00 281.41
v 584.50 447.00 287.06
v 593.50 447.00 287.06
v 593.50 451.50 287.06
v 584.50 451.50 287.06
v 584.50 447.00 407.00
v 593.50 447.00 407.00
v 593.50 451.50 407.00
v 584.50 451.50 407.00
v 594.00 637.00 251.47
v 672.00 637.00 251.47
v 672.00 643.00 251.47
v 594.00 643.00 251.47
v 594.00 637.00 256.47
v 672.00 637.00 256.47
v 672.00 643.00 256.47
v 594.00 643.00 256.47
v 605.20 638.20 161.47
v 608.80 638.20 161.47
v 608.80 641.80 161.47
v 605.20 641.80 161.47
v 605.20 638.20 251.47
v 608.80 638.20 251.47
v 608.80 641.80 251.47
v 605.20 641.80 251.47
v 618.20 638.20 161.47
v 621.80 638.20 161.47
v 621.80 641.80 161.47
v 618.20 641.80 161.47
v 618.20 638.20 251.47
v 621.80 638.20 251.47
v 621.80 641.80 251.47
v 618.20 641.80 251.47
v 631.20 638.20 161.47
v 634.80 638.20 161.47
v 634.80 641.80 161.47
v 631.20 641.80 161.47
v 631.20 638.20 251.47
v 634.80 638.20 251.47
v 634.80 641.80 251.47
v 631.20 641.80 251.47
v 644.20 638.20 161.47
v 647.80 638.20 161.47
v 647.80 641.80 161.47
v 644.20 641.80 161.47
v 644.20 638.20 251.47
v 647.80 638.20 251.47
v 647.80 641.80 251.47
v 644.20 641.80 251.47
v 657.20 638.20 161.47
v 660.80 638.20 161.47
v 660.80 641.80 161.47
v 657.20 641.80 161.47
v 657.20 638.20 251.47
v 660.80 638.20 251.47
v 660.80 641.80 251.47
v 657.20 641.80 251.47
usemtl stair
f 3392 3391 3390 3389
f 3393 3394 3395 3396
f 3389 3390 3394 3393
f 3390 3391 3395 3394
f 3391 3392 3396 3395
f 3392 3389 3393 3396
f 3400 3399 3398 3397
f 3401 3402 3403 3404
f 3397 3398 3402 3401
f 3398 3399 3403 3402
f 3399 3400 3404 3403
f 3400 3397 3401 3404
f 3408 3407 3406 3405
f 3409 3410 3411 3412
f 3405 3406 3410 3409
f 3406 3407 3411 3410
f 3407 3408 3412 3411
f 3408 3405 3409 3412
f 3416 3415 3414 3413
f 3417 3418 3419 3420
f 3413 3414 3418 3417
f 3414 3415 3419 3418
f 3415 3416 3420 3419
f 3416 3413 3417 3420
f 3424 3423 3422 3421
f 3425 3426 3427 3428
f 3421 3422 3426 3425
f 3422 3423 3427 3426
f 3423 3424 3428 3427
f 3424 3421 3425 3428
f 3432 3431 3430 3429
f 3433 3434 3435 3436
f 3429 3430 3434 3433
f 3430 3431 3435 3434
f 3431 3432 3436 3435
f 3432 3429 3433 3436
f 3440 3439 3438 3437
f 3441 3442 3443 3444
f 3437 3438 3442 3441
f 3438 3439 3443 3442
f 3439 3440 3444 3443
f 3440 3437 3441 3444
f 3448 3447 3446 3445
f 3449 3450 3451 3452
f 3445 3446 3450 3449
f 3446 3447 3451 3450
f 3447 3448 3452 3451
f 3448 3445 3449 3452
f 3456 3455 3454 3453
f 3457 3458 3459 3460
f 3453 3454 3458 3457
f 3454 3455 3459 3458
f 3455 3456 3460 3459
f 3456 3453 3457 3460
f 3464 3463 3462 3461
f 3465 3466 3467 3468
f 3461 3462 3466 3465
f 3462 3463 3467 3466
f 3463 3464 3468 3467
f 3464 3461 3465 3468
f 3472 3471 3470 3469
f 3473 3474 3475 3476
f 3469 3470 3474 3473
f 3470 3471 3475 3474
f 3471 3472 3476 3475
f 3472 3469 3473 3476
f 3480 3479 3478 3477
f 3481 3482 3483 3484
f 3477 3478 3482 3481
f 3478 3479 3483 3482
f 3479 3480 3484 3483
f 3480 3477 3481 3484
f 3488 3487 3486 3485
f 3489 3490 3491 3492
f 3485 3486 3490 3489
f 3486 3487 3491 3490
f 3487 3488 3492 3491
f 3488 3485 3489 3492
f 3496 3495 3494 3493
f 3497 3498 3499 3500
f 3493 3494 3498 3497
f 3494 3495 3499 3498
f 3495 3496 3500 3499
f 3496 3493 3497 3500
f 3504 3503 3502 3501
f 3505 3506 3507 3508
f 3501 3502 3506 3505
f 3502 3503 3507 3506
f 3503 3504 3508 3507
f 3504 3501 3505 3508
f 3512 3511 3510 3509
f 3513 3514 3515 3516
f 3509 3510 3514 3513
f 3510 3511 3515 3514
f 3511 3512 3516 3515
f 3512 3509 3513 3516
f 3520 3519 3518 3517
f 3521 3522 3523 3524
f 3517 3518 3522 3521
f 3518 3519 3523 3522
f 3519 3520 3524 3523
f 3520 3517 3521 3524
f 3528 3527 3526 3525
f 3529 3530 3531 3532
f 3525 3526 3530 3529
f 3526 3527 3531 3530
f 3527 3528 3532 3531
f 3528 3525 3529 3532
f 3536 3535 3534 3533
f 3537 3538 3539 3540
f 3533 3534 3538 3537
f 3534 3535 3539 3538
f 3535 3536 3540 3539
f 3536 3533 3537 3540
f 3544 3543 3542 3541
f 3545 3546 3547 3548
f 3541 3542 3546 3545
f 3542 3543 3547 3546
f 3543 3544 3548 3547
f 3544 3541 3545 3548
f 3552 3551 3550 3549
f 3553 3554 3555 3556
f 3549 3550 3554 3553
f 3550 3551 3555 3554
f 3551 3552 3556 3555
f 3552 3549 3553 3556
f 3560 3559 3558 3557
f 3561 3562 3563 3564
f 3557 3558 3562 3561
f 3558 3559 3563 3562
f 3559 3560 3564 3563
f 3560 3557 3561 3564
f 3568 3567 3566 3565
f 3569 3570 3571 3572
f 3565 3566 3570 3569
f 3566 3567 3571 3570
f 3567 3568 3572 3571
f 3568 3565 3569 3572
f 3576 3575 3574 3573
f 3577 3578 3579 3580
f 3573 3574 3578 3577
f 3574 3575 3579 3578
f 3575 3576 3580 3579
f 3576 3573 3577 3580
f 3584 3583 3582 3581
f 3585 3586 3587 3588
f 3581 3582 3586 3585
f 3582 3583 3587 3586
f 3583 3584 3588 3587
f 3584 3581 3585 3588
f 3592 3591 3590 3589
f 3593 3594 3595 3596
f 3589 3590 3594 3593
f 3590 3591 3595 3594
f 3591 3592 3596 3595
f 3592 3589 3593 3596
f 3600 3599 3598 3597
f 3601 3602 3603 3604
f 3597 3598 3602 3601
f 3598 3599 3603 3602
f 3599 3600 3604 3603
f 3600 3597 3601 3604
f 3608 3607 3606 3605
f 3609 3610 3611 3612
f 3605 3606 3610 3609
f 3606 3607 3611 3610
f 3607 3608 3612 3611
f 3608 3605 3609 3612
f 3616 3615 3614 3613
f 3617 3618 3619 3620
f 3613 3614 3618 3617
f 3614 3615 3619 3618
f 3615 3616 3620 3619
f 3616 3613 3617 3620
f 3624 3623 3622 3621
f 3625 3626 3627 3628
f 3621 3622 3626 3625
f 3622 3623 3627 3626
f 3623 3624 3628 3627
f 3624 3621 3625 3628
f 3632 3631 3630 3629
f 3633 3634 3635 3636
f 3629 3630 3634 3633
f 3630 3631 3635 3634
f 3631 3632 3636 3635
f 3632 3629 3633 3636
f 3640 3639 3638 3637
f 3641 3642 3643 3644
f 3637 3638 3642 3641
f 3638 3639 3643 3642
f 3639 3640 3644 3643
f 3640 3637 3641 3644
f 3648 3647 3646 3645
f 3649 3650 3651 3652
f 3645 3646 3650 3649
f 3646 3647 3651 3650
f 3647 3648 3652 3651
f 3648 3645 3649 3652
f 3653 3654 3655 3656
f 3660 3659 3658 3657
f 3657 3658 3654 3653
f 3658 3659 3655 3654
f 3659 3660 3656 3655
f 3660 3657 3653 3656
f 3661 3662 3663 3664
f 3668 3667 3666 3665
f 3665 3666 3662 3661
f 3666 3667 3663 3662
f 3667 3668 3664 3663
f 3668 3665 3661 3664
f 3672 3671 3670 3669
f 3673 3674 3675 3676
f 3669 3670 3674 3673
f 3670 3671 3675 3674
f 3671 3672 3676 3675
f 3672 3669 3673 3676
f 3680 3679 3678 3677
f 3681 3682 3683 3684
f 3677 3678 3682 3681
f 3678 3679 3683 3682
f 3679 3680 3684 3683
f 3680 3677 3681 3684
f 3688 3687 3686 3685
f 3689 3690 3691 3692
f 3685 3686 3690 3689
f 3686 3687 3691 3690
f 3687 3688 3692 3691
f 3688 3685 3689 3692
f 3696 3695 3694 3693
f 3697 3698 3699 3700
f 3693 3694 3698 3697
f 3694 3695 3699 3698
f 3695 3696 3700 3699
f 3696 3693 3697 3700
f 3704 3703 3702 3701
f 3705 3706 3707 3708
f 3701 3702 3706 3705
f 3702 3703 3707 3706
f 3703 3704 3708 3707
f 3704 3701 3705 3708
f 3712 3711 3710 3709
f 3713 3714 3715 3716
f 3709 3710 3714 3713
f 3710 3711 3715 3714
f 3711 3712 3716 3715
f 3712 3709 3713 3716
f 3720 3719 3718 3717
f 3721 3722 3723 3724
f 3717 3718 3722 3721
f 3718 3719 3723 3722
f 3719 3720 3724 3723
f 3720 3717 3721 3724
f 3728 3727 3726 3725
f 3729 3730 3731 3732
f 3725 3726 3730 3729
f 3726 3727 3731 3730
f 3727 3728 3732 3731
f 3728 3725 3729 3732
f 3736 3735 3734 3733
f 3737 3738 3739 3740
f 3733 3734 3738 3737
f 3734 3735 3739 3738
f 3735 3736 3740 3739
f 3736 3733 3737 3740
f 3744 3743 3742 3741
f 3745 3746 3747 3748
f 3741 3742 3746 3745
f 3742 3743 3747 3746
f 3743 3744 3748 3747
f 3744 3741 3745 3748
f 3752 3751 3750 3749
f 3753 3754 3755 3756
f 3749 3750 3754 3753
f 3750 3751 3755 3754
f 3751 3752 3756 3755
f 3752 3749 3753 3756
f 3760 3759 3758 3757
f 3761 3762 3763 3764
f 3757 3758 3762 3761
f 3758 3759 3763 3762
f 3759 3760 3764 3763
f 3760 3757 3761 3764
f 3768 3767 3766 3765
f 3769 3770 3771 3772
f 3765 3766 3770 3769
f 3766 3767 3771 3770
f 3767 3768 3772 3771
f 3768 3765 3769 3772
f 3776 3775 3774 3773
f 3777 3778 3779 3780
f 3773 3774 3778 3777
f 3774 3775 3779 3778
f 3775 3776 3780 3779
f 3776 3773 3777 3780
f 3784 3783 3782 3781
f 3785 3786 3787 3788
f 3781 3782 3786 3785
f 3782 3783 3787 3786
f 3783 3784 3788 3787
f 3784 3781 3785 3788
f 3792 3791 3790 3789
f 3793 3794 3795 3796
f 3789 3790 3794 3793
f 3790 3791 3795 3794
f 3791 3792 3796 3795
f 3792 3789 3793 3796
f 3800 3799 3798 3797
f 3801 3802 3803 3804
f 3797 3798 3802 3801
f 3798 3799 3803 3802
f 3799 3800 3804 3803
f 3800 3797 3801 3804
f 3808 3807 3806 3805
f 3809 3810 3811 3812
f 3805 3806 3810 3809
f 3806 3807 3811 3810
f 3807 3808 3812 3811
f 3808 3805 3809 3812
f 3816 3815 3814 3813
f 3817 3818 3819 3820
f 3813 3814 3818 3817
f 3814 3815 3819 3818
f 3815 3816 3820 3819
f 3816 3813 3817 3820
f 3824 3823 3822 3821
f 3825 3826 3827 3828
f 3821 3822 3826 3825
f 3822 3823 3827 3826
f 3823 3824 3828 3827
f 3824 3821 3825 3828
f 3829 3830 3831 3832
f 3836 3835 3834 3833
f 3833 3834 3830 3829
f 3834 3835 3831 3830
f 3835 3836 3832 3831
f 3836 3833 3829 3832
f 3840 3839 3838 3837
f 3841 3842 3843 3844
f 3837 3838 3842 3841
f 3838 3839 3843 3842
f 3839 3840 3844 3843
f 3840 3837 3841 3844
f 3848 3847 3846 3845
f 3849 3850 3851 3852
f 3845 3846 3850 3849
f 3846 3847 3851 3850
f 3847 3848 3852 3851
f 3848 3845 3849 3852
f 3856 3855 3854 3853
f 3857 3858 3859 3860
f 3853 3854 3858 3857
f 3854 3855 3859 3858
f 3855 3856 3860 3859
f 3856 3853 3857 3860
f 3864 3863 3862 3861
f 3865 3866 3867 3868
f 3861 3862 3866 3865
f 3862 3863 3867 3866
f 3863 3864 3868 3867
f 3864 3861 3865 3868
f 3872 3871 3870 3869
f 3873 3874 3875 3876
f 3869 3870 3874 3873
f 3870 3871 3875 3874
f 3871 3872 3876 3875
f 3872 3869 3873 3876
f 3880 3879 3878 3877
f 3881 3882 3883 3884
f 3877 3878 3882 3881
f 3878 3879 3883 3882
f 3879 3880 3884 3883
f 3880 3877 3881 3884
f 3888 3887 3886 3885
f 3889 3890 3891 3892
f 3885 3886 3890 3889
f 3886 3887 3891 3890
f 3887 3888 3892 3891
f 3888 3885 3889 3892
f 3896 3895 3894 3893
f 3897 3898 3899 3900
f 3893 3894 3898 3897
f 3894 3895 3899 3898
f 3895 3896 3900 3899
f 3896 3893 3897 3900
f 3904 3903 3902 3901
f 3905 3906 3907 3908
f 3901 3902 3906 3905
f 3902 3903 3907 3906
f 3903 3904 3908 3907
f 3904 3901 3905 3908
f 3912 3911 3910 3909
f 3913 3914 3915 3916
f 3909 3910 3914 3913
f 3910 3911 3915 3914
f 3911 3912 3916 3915
f 3912 3909 3913 3916
f 3920 3919 3918 3917
f 3921 3922 3923 3924
f 3917 3918 3922 3921
f 3918 3919 3923 3922
f 3919 3920 3924 3923
f 3920 3917 3921 3924
f 3928 3927 3926 3925
f 3929 3930 3931 3932
f 3925 3926 3930 3929
f 3926 3927 3931 3930
f 3927 3928 3932 3931
f 3928 3925 3929 3932
f 3936 3935 3934 3933
f 3937 3938 3939 3940
f 3933 3934 3938 3937
f 3934 3935 3939 3938
f 3935 3936 3940 3939
f 3936 3933 3937 3940
f 3944 3943 3942 3941
f 3945 3946 3947 3948
f 3941 3942 3946 3945
f 3942 3943 3947 3946
f 3943 3944 3948 3947
f 3944 3941 3945 3948
f 3952 3951 3950 3949
f 3953 3954 3955 3956
f 3949 3950 3954 3953
f 3950 3951 3955 3954
f 3951 3952 3956 3955
f 3952 3949 3953 3956
f 3960 3959 3958 3957
f 3961 3962 3963 3964
f 3957 3958 3962 3961
f 3958 3959 3963 3962
f 3959 3960 3964 3963
f 3960 3957 3961 3964
f 3968 3967 3966 3965
f 3969 3970 3971 3972
f 3965 3966 3970 3969
f 3966 3967 3971 3970
f 3967 3968 3972 3971
f 3968 3965 3969 3972
f 3976 3975 3974 3973
f 3977 3978 3979 3980
f 3973 3974 3978 3977
f 3974 3975 3979 3978
f 3975 3976 3980 3979
f 3976 3973 3977 3980
f 3984 3983 3982 3981
f 3985 3986 3987 3988
f 3981 3982 3986 3985
f 3982 3983 3987 3986
f 3983 3984 3988 3987
f 3984 3981 3985 3988
f 3992 3991 3990 3989
f 3993 3994 3995 3996
f 3989 3990 3994 3993
f 3990 3991 3995 3994
f 3991 3992 3996 3995
f 3992 3989 3993 3996
f 4000 3999 3998 3997
f 4001 4002 4003 4004
f 3997 3998 4002 4001
f 3998 3999 4003 4002
f 3999 4000 4004 4003
f 4000 3997 4001 4004
f 4008 4007 4006 4005
f 4009 4010 4011 4012
f 4005 4006 4010 4009
f 4006 4007 4011 4010
f 4007 4008 4012 4011
f 4008 4005 4009 4012
f 4016 4015 4014 4013
f 4017 4018 4019 4020
f 4013 4014 4018 4017
f 4014 4015 4019 4018
f 4015 4016 4020 4019
f 4016 4013 4017 4020
o sheathing
v -46.00 -286.00 576.11
v 384.00 -286.00 866.15
v 384.00 804.00 866.15
v -46.00 804.00 576.11
v -46.00 -286.00 579.13
v 384.00 -286.00 869.17
v 384.00 804.00 869.17
v -46.00 804.00 579.13
v 384.00 -286.00 866.15
v 814.00 -286.00 576.11
v 814.00 804.00 576.11
v 384.00 804.00 866.15
v 384.00 -286.00 869.17
v 814.00 -286.00 579.13
v 814.00 804.00 579.13
v 384.00 804.00 869.17
v -56.00 509.00 535.00
v 290.51 259.00 785.00
v -56.00 259.00 785.00
v -56.00 509.00 559.75
v 290.51 259.00 809.75
v -56.00 259.00 809.75
v -56.00 9.00 535.00
v -56.00 259.00 785.00
v 290.51 259.00 785.00
v -56.00 9.00 559.75
v -56.00 259.00 809.75
v 290.51 259.00 809.75
v 824.00 509.00 535.00
v 477.49 259.00 785.00
v 824.00 259.00 785.00
v 824.00 509.00 559.75
v 477.49 259.00 809.75
v 824.00 259.00 809.75
v 824.00 9.00 535.00
v 824.00 259.00 785.00
v 477.49 259.00 785.00
v 824.00 9.00 559.75
v 824.00 259.00 809.75
v 477.49 259.00 809.75
usemtl sheathing
f 4024 4023 4022 4021
f 4025 4026 4027 4028
f 4021 4022 4026 4025
f 4022 4023 4027 4026
f 4023 4024 4028 4027
f 4024 4021 4025 4028
f 4032 4031 4030 4029
f 4033 4034 4035 4036
f 4029 4030 4034 4033
f 4030 4031 4035 4034
f 4031 4032 4036 4035
f 4032 4029 4033 4036
f 4037 4038 4039
f 4042 4041 4040
f 4040 4041 4038 4037
f 4041 4042 4039 4038
f 4042 4040 4037 4039
f 4043 4044 4045
f 4048 4047 4046
f 4046 4047 4044 4043
f 4047 4048 4045 4044
f 4048 4046 4043 4045
f 4051 4050 4049
f 4052 4053 4054
f 4049 4050 4053 4052
f 4050 4051 4054 4053
f 4051 4049 4052 4054
f 4057 4056 4055
f 4058 4059 4060
f 4055 4056 4059 4058
f 4056 4057 4060 4059
f 4057 4055 4058 4060
o roof_tiles
v -46.00 -286.00 579.13
v 384.00 -286.00 869.17
v 384.00 804.00 869.17
v -46.00 804.00 579.13
v -46.00 -286.00 583.95
v 384.00 -286.00 873.99
v 384.00 804.00 873.99
v -46.00 804.00 583.95
v 384.00 -286.00 869.17
v 814.00 -286.00 579.13
v 814.00 804.00 579.13
v 384.00 804.00 869.17
v 384.00 -286.00 873.99
v 814.00 -286.00 583.95
v 814.00 804.00 583.95
v 384.00 804.00 873.99
v -56.00 509.00 559.75
v 290.51 259.00 809.75
v -56.00 259.00 809.75
v -56.00 509.00 565.41
v 290.51 259.00 815.41
v -56.00 259.00 815.41
v -56.00 9.00 559.75
v -56.00 259.00 809.75
v 290.51 259.00 809.75
v -56.00 9.00 565.41
v -56.00 259.00 815.41
v 290.51 259.00 815.41
v 824.00 509.00 559.75
v 477.49 259.00 809.75
v 824.00 259.00 809.75
v 824.00 509.00 565.41
v 477.49 259.00 815.41
v 824.00 259.00 815.41
v 824.00 9.00 559.75
v 824.00 259.00 809.75
v 477.49 259.00 809.75
v 824.00 9.00 565.41
v 824.00 259.00 815.41
v 477.49 259.00 815.41
usemtl roof_tiles
f 4064 4063 4062 4061
f 4065 4066 4067 4068
f 4061 4062 4066 4065
f 4062 4063 4067 4066
f 4063 4064 4068 4067
f 4064 4061 4065 4068
f 4072 4071 4070 4069
f 4073 4074 4075 4076
f 4069 4070 4074 4073
f 4070 4071 4075 4074
f 4071 4072 4076 4075
f 4072 4069 4073 4076
f 4077 4078 4079
f 4082 4081 4080
f 4080 4081 4078 4077
f 4081 4082 4079 4078
f 4082 4080 4077 4079
f 4083 4084 4085
f 4088 4087 4086
f 4086 4087 4084 4083
f 4087 4088 4085 4084
f 4088 4086 4083 4085
f 4091 4090 4089
f 4092 4093 4094
f 4089 4090 4093 4092
f 4090 4091 4094 4093
f 4091 4089 4092 4094
f 4097 4096 4095
f 4098 4099 4100
f 4095 4096 4099 4098
f 4096 4097 4100 4099
f 4097 4095 4098 4100
o rafters
v -46.00 -286.00 558.02
v 384.00 -286.00 848.06
v 384.00 -283.50 848.06
v -46.00 -283.50 558.02
v -46.00 -286.00 576.11
v 384.00 -286.00 866.15
v 384.00 -283.50 866.15
v -46.00 -283.50 576.11
v -46.00 -228.50 558.02
v 384.00 -228.50 848.06
v 384.00 -223.50 848.06
v -46.00 -223.50 558.02
v -46.00 -228.50 576.11
v 384.00 -228.50 866.15
v 384.00 -223.50 866.15
v -46.00 -223.50 576.11
v -46.00 -168.50 558.02
v 384.00 -168.50 848.06
v 384.00 -163.50 848.06
v -46.00 -163.50 558.02
v -46.00 -168.50 576.11
v 384.00 -168.50 866.15
v 384.00 -163.50 866.15
v -46.00 -163.50 576.11
v -46.00 -108.50 558.02
v 384.00 -108.50 848.06
v 384.00 -103.50 848.06
v -46.00 -103.50 558.02
v -46.00 -108.50 576.11
v 384.00 -108.50 866.15
v 384.00 -103.50 866.15
v -46.00 -103.50 576.11
v -46.00 -48.50 558.02
v 384.00 -48.50 848.06
v 384.00 -43.50 848.06
v -46.00 -43.50 558.02
v -46.00 -48.50 576.11
v 384.00 -48.50 866.15
v 384.00 -43.50 866.15
v -46.00 -43.50 576.11
v -46.00 11.50 558.02
v 384.00 11.50 848.06
v 384.00 16.50 848.06
v -46.00 16.50 558.02
v -46.00 11.50 576.11
v 384.00 11.50 866.15
v 384.00 16.50 866.15
v -46.00 16.50 576.11
v -46.00 71.50 558.02
v 384.00 71.50 848.06
v 384.00 76.50 848.06
v -46.00 76.50 558.02
v -46.00 71.50 576.11
v 384.00 71.50 866.15
v 384.00 76.50 866.15
v -46.00 76.50 576.11
v -46.00 131.50 558.02
v 384.00 131.50 848.06
v 384.00 136.50 848.06
v -46.00 136.50 558.02
v -46.00 131.50 576.11
v 384.00 131.50 866.15
v 384.00 136.50 866.15
v -46.00 136.50 576.11
v -46.00 191.50 558.02
v 384.00 191.50 848.06
v 384.00 196.50 848.06
v -46.00 196.50 558.02
v -46.00 191.50 576.11
v 384.00 191.50 866.15
v 384.00 196.50 866.15
v -46.00 196.50 576.11
v -46.00 251.50 558.02
v 384.00 251.50 848.06
v 384.00 256.50 848.06
v -46.00 256.50 558.02
v -46.00 251.50 576.11
v 384.00 251.50 866.15
v 384.00 256.50 866.15
v -46.00 256.50 576.11
v -46.00 311.50 558.02
v 384.00 311.50 848.06
v 384.00 316.50 848.06
v -46.00 316.50 558.02
v -46.00 311.50 576.11
v 384.00 311.50 866.15
v 384.00 316.50 866.15
v -46.00 316.50 576.11
v -46.00 371.50 558.02
v 384.00 371.50 848.06
v 384.00 376.50 848.06
v -46.00 376.50 558.02
v -46.00 371.50 576.11
v 384.00 371.50 866.15
v 384.00 376.50 866.15
v -46.00 376.50 576.11
v -46.00 431.50 558.02
v 384.00 431.50 848.06
v 384.00 436.50 848.06
v -46.00 436.50 558.02
v -46.00 431.50 576.11
v 384.00 431.50 866.15
v 384.00 436.50 866.15
v -46.00 436.50 576.11
v -46.00 491.50 558.02
v 384.00 491.50 848.06
v 384.00 496.50 848.06
v -46.00 496.50 558.02
v -46.00 491.50 576.11
v 384.00 491.50 866.15
v 384.00 496.50 866.15
v -46.00 496.50 576.11
v -46.00 551.50 558.02
v 384.00 551.50 848.06
v 384.00 556.50 848.06
v -46.00 556.50 558.02
v -46.00 551.50 576.11
v 384.00 551.50 866.15
v 384.00 556.50 866.15
v -46.00 556.50 576.11
v -46.00 611.50 558.02
v 384.00 611.50 848.06
v 384.00 616.50 848.06
v -46.00 616.50 558.02
v -46.00 611.50 576.11
v 384.00 611.50 866.15
v 384.00 616.50 866.15
v -46.00 616.50 576.11
v -46.00 671.50 558.02
v 384.00 671.50 848.06
v 384.00 676.50 848.06
v -46.00 676.50 558.02
v -46.00 671.50 576.11
v 384.00 671.50 866.15
v 384.00 676.50 866.15
v -46.00 676.50 576.11
v -46.00 731.50 558.02
v 384.00 731.50 848.06
v 384.00 736.50 848.06
v -46.00 736.50 558.02
v -46.00 731.50 576.11
v 384.00 731.50 866.15
v 384.00 736.50 866.15
v -46.00 736.50 576.11
v -46.00 791.50 558.02
v 384.00 791.50 848.06
v 384.00 796.50 848.06
v -46.00 796.50 558.02
v -46.00 791.50 576.11
v 384.00 791.50 866.15
v 384.00 796.50 866.15
v -46.00 796.50 576.11
v 384.00 -286.00 848.06
v 814.00 -286.00 558.02
v 814.00 -283.50 558.02
v 384.00 -283.50 848.06
v 384.00 -286.00 866.15
v 814.00 -286.00 576.11
v 814.00 -283.50 576.11
v 384.00 -283.50 866.15
v 384.00 -228.50 848.06
v 814.00 -228.50 558.02
v 814.00 -223.50 558.02
v 384.00 -223.50 848.06
v 384.00 -228.50 866.15
v 814.00 -228.50 576.11
v 814.00 -223.50 576.11
v 384.00 -223.50 866.15
v 384.00 -168.50 848.06
v 814.00 -168.50 558.02
v 814.00 -163.50 558.02
v 384.00 -163.50 848.06
v 384.00 -168.50 866.15
v 814.00 -168.50 576.11
v 814.00 -163.50 576.11
v 384.00 -163.50 866.15
v 384.00 -108.50 848.06
v 814.00 -108.50 558.02
v 814.00 -103.50 558.02
v 384.00 -103.50 848.06
v 384.00 -108.50 866.15
v 814.00 -108.50 576.11
v 814.00 -103.50 576.11
v 384.00 -103.50 866.15
v 384.00 -48.50 848.06
v 814.00 -48.50 558.02
v 814.00 -43.50 558.02
v 384.00 -43.50 848.06
v 384.00 -48.50 866.15
v 814.00 -48.50 576.11
v 814.00 -43.50 576.11
v 384.00 -43.50 866.15
v 384.00 11.50 848.06
v 814.00 11.50 558.02
v 814.00 16.50 558.02
v 384.00 16.50 848.06
v 384.00 11.50 866.15
v 814.00 11.50 576.11
v 814.00 16.50 576.11
v 384.00 16.50 866.15
v 384.00 71.50 848.06
v 814.00 71.50 558.02
v 814.00 76.50 558.02
v 384.00 76.50 848.06
v 384.00 71.50 866.15
v 814.00 71.50 576.11
v 814.00 76.50 576.11
v 384.00 76.50 866.15
v 384.00 131.50 848.06
v 814.00 131.50 558.02
v 814.00 136.50 558.02
v 384.00 136.50 848.06
v 384.00 131.50 866.15
v 814.00 131.50 576.11
v 814.00 136.50 576.11
v 384.00 136.50 866.15
v 384.00 191.50 848.06
v 814.00 191.50 558.02
v 814.00 196.50 558.02
v 384.00 196.50 848.06
v 384.00 191.50 866.15
v 814.00 191.50 576.11
v 814.00 196.50 576.11
v 384.00 196.50 866.15
v 384.00 251.50 848.06
v 814.00 251.50 558.02
v 814.00 256.50 558.02
v 384.00 256.50 848.06
v 384.00 251.50 866.15
v 814.00 251.50 576.11
v 814.00 256.50 576.11
v 384.00 256.50 866.15
v 384.00 311.50 848.06
v 814.00 311.50 558.02
v 814.00 316.50 558.02
v 384.00 316.50 848.06
v 384.00 311.50 866.15
v 814.00 311.50 576.11
v 814.00 316.50 576.11
v 384.00 316.50 866.15
v 384.00 371.50 848.06
v 814.00 371.50 558.02
v 814.00 376.50 558.02
v 384.00 376.50 848.06
v 384.00 371.50 866.15
v 814.00 371.50 576.11
v 814.00 376.50 576.11
v 384.00 376.50 866.15
v 384.00 431.50 848.06
v 814.00 431.50 558.02
v 814.00 436.50 558.02
v 384.00 436.50 848.06
v 384.00 431.50 866.15
v 814.00 431.50 576.11
v 814.00 436.50 576.11
v 384.00 436.50 866.15
v 384.00 491.50 848.06
v 814.00 491.50 558.02
v 814.00 496.50 558.02
v 384.00 496.50 848.06
v 384.00 491.50 866.15
v 814.00 491.50 576.11
v 814.00 496.50 576.11
v 384.00 496.50 866.15
v 384.00 551.50 848.06
v 814.00 551.50 558.02
v 814.00 556.50 558.02
v 384.00 556.50 848.06
v 384.00 551.50 866.15
v 814.00 551.50 576.11
v 814.00 556.50 576.11
v 384.00 556.50 866.15
v 384.00 611.50 848.06
v 814.00 611.50 558.02
v 814.00 616.50 558.02
v 384.00 616.50 848.06
v 384.00 611.50 866.15
v 814.00 611.50 576.11
v 814.00 616.50 576.11
v 384.00 616.50 866.15
v 384.00 671.50 848.06
v 814.00 671.50 558.02
v 814.00 676.50 558.02
v 384.00 676.50 848.06
v 384.00 671.50 866.15
v 814.00 671.50 576.11
v 814.00 676.50 576.11
v 384.00 676.50 866.15
v 384.00 731.50 848.06
v 814.00 731.50 558.02
v 814.00 736.50 558.02
v 384.00 736.50 848.06
v 384.00 731.50 866.15
v 814.00 731.50 576.11
v 814.00 736.50 576.11
v 384.00 736.50 866.15
v 384.00 791.50 848.06
v 814.00 791.50 558.02
v 814.00 796.50 558.02
v 384.00 796.50 848.06
v 384.00 791.50 866.15
v 814.00 791.50 576.11
v 814.00 796.50 576.11
v 384.00 796.50 866.15
usemtl rafters
f 4104 4103 4102 4101
f 4105 4106 4107 4108
f 4101 4102 4106 4105
f 4102 4103 4107 4106
f 4103 4104 4108 4107
f 4104 4101 4105 4108
f 4112 4111 4110 4109
f 4113 4114 4115 4116
f 4109 4110 4114 4113
f 4110 4111 4115 4114
f 4111 4112 4116 4115
f 4112 4109 4113 4116
f 4120 4119 4118 4117
f 4121 4122 4123 4124
f 4117 4118 4122 4121
f 4118 4119 4123 4122
f 4119 4120 4124 4123
f 4120 4117 4121 4124
f 4128 4127 4126 4125
f 4129 4130 4131 4132
f 4125 4126 4130 4129
f 4126 4127 4131 4130
f 4127 4128 4132 4131
f 4128 4125 4129 4132
f 4136 4135 4134 4133
f 4137 4138 4139 4140
f 4133 4134 4138 4137
f 4134 4135 4139 4138
f 4135 4136 4140 4139
f 4136 4133 4137 4140
f 4144 4143 4142 4141
f 4145 4146 4147 4148
f 4141 4142 4146 4145
f 4142 4143 4147 4146
f 4143 4144 4148 4147
f 4144 4141 4145 4148
f 4152 4151 4150 4149
f 4153 4154 4155 4156
f 4149 4150 4154 4153
f 4150 4151 4155 4154
f 4151 4152 4156 4155
f 4152 4149 4153 4156
f 4160 4159 4158 4157
f 4161 4162 4163 4164
f 4157 4158 4162 4161
f 4158 4159 4163 4162
f 4159 4160 4164 4163
f 4160 4157 4161 4164
f 4168 4167 4166 4165
f 4169 4170 4171 4172
f 4165 4166 4170 4169
f 4166 4167 4171 4170
f 4167 4168 4172 4171
f 4168 4165 4169 4172
f 4176 4175 4174 4173
f 4177 4178 4179 4180
f 4173 4174 4178 4177
f 4174 4175 4179 4178
f 4175 4176 4180 4179
f 4176 4173 4177 4180
f 4184 4183 4182 4181
f 4185 4186 4187 4188
f 4181 4182 4186 4185
f 4182 4183 4187 4186
f 4183 4184 4188 4187
f 4184 4181 4185 4188
f 4192 4191 4190 4189
f 4193 4194 4195 4196
f 4189 4190 4194 4193
f 4190 4191 4195 4194
f 4191 4192 4196 4195
f 4192 4189 4193 4196
f 4200 4199 4198 4197
f 4201 4202 4203 4204
f 4197 4198 4202 4201
f 4198 4199 4203 4202
f 4199 4200 4204 4203
f 4200 4197 4201 4204
f 4208 4207 4206 4205
f 4209 4210 4211 4212
f 4205 4206 4210 4209
f 4206 4207 4211 4210
f 4207 4208 4212 4211
f 4208 4205 4209 4212
f 4216 4215 4214 4213
f 4217 4218 4219 4220
f 4213 4214 4218 4217
f 4214 4215 4219 4218
f 4215 4216 4220 4219
f 4216 4213 4217 4220
f 4224 4223 4222 4221
f 4225 4226 4227 4228
f 4221 4222 4226 4225
f 4222 4223 4227 4226
f 4223 4224 4228 4227
f 4224 4221 4225 4228
f 4232 4231 4230 4229
f 4233 4234 4235 4236
f 4229 4230 4234 4233
f 4230 4231 4235 4234
f 4231 4232 4236 4235
f 4232 4229 4233 4236
f 4240 4239 4238 4237
f 4241 4242 4243 4244
f 4237 4238 4242 4241
f 4238 4239 4243 4242
f 4239 4240 4244 4243
f 4240 4237 4241 4244
f 4248 4247 4246 4245
f 4249 4250 4251 4252
f 4245 4246 4250 4249
f 4246 4247 4251 4250
f 4247 4248 4252 4251
f 4248 4245 4249 4252
f 4256 4255 4254 4253
f 4257 4258 4259 4260
f 4253 4254 4258 4257
f 4254 4255 4259 4258
f 4255 4256 4260 4259
f 4256 4253 4257 4260
f 4264 4263 4262 4261
f 4265 4266 4267 4268
f 4261 4262 4266 4265
f 4262 4263 4267 4266
f 4263 4264 4268 4267
f 4264 4261 4265 4268
f 4272 4271 4270 4269
f 4273 4274 4275 4276
f 4269 4270 4274 4273
f 4270 4271 4275 4274
f 4271 4272 4276 4275
f 4272 4269 4273 4276
f 4280 4279 4278 4277
f 4281 4282 4283 4284
f 4277 4278 4282 4281
f 4278 4279 4283 4282
f 4279 4280 4284 4283
f 4280 4277 4281 4284
f 4288 4287 4286 4285
f 4289 4290 4291 4292
f 4285 4286 4290 4289
f 4286 4287 4291 4290
f 4287 4288 4292 4291
f 4288 4285 4289 4292
f 4296 4295 4294 4293
f 4297 4298 4299 4300
f 4293 4294 4298 4297
f 4294 4295 4299 4298
f 4295 4296 4300 4299
f 4296 4293 4297 4300
f 4304 4303 4302 4301
f 4305 4306 4307 4308
f 4301 4302 4306 4305
f 4302 4303 4307 4306
f 4303 4304 4308 4307
f 4304 4301 4305 4308
f 4312 4311 4310 4309
f 4313 4314 4315 4316
f 4309 4310 4314 4313
f 4310 4311 4315 4314
f 4311 4312 4316 4315
f 4312 4309 4313 4316
f 4320 4319 4318 4317
f 4321 4322 4323 4324
f 4317 4318 4322 4321
f 4318 4319 4323 4322
f 4319 4320 4324 4323
f 4320 4317 4321 4324
f 4328 4327 4326 4325
f 4329 4330 4331 4332
f 4325 4326 4330 4329
f 4326 4327 4331 4330
f 4327 4328 4332 4331
f 4328 4325 4329 4332
f 4336 4335 4334 4333
f 4337 4338 4339 4340
f 4333 4334 4338 4337
f 4334 4335 4339 4338
f 4335 4336 4340 4339
f 4336 4333 4337 4340
f 4344 4343 4342 4341
f 4345 4346 4347 4348
f 4341 4342 4346 4345
f 4342 4343 4347 4346
f 4343 4344 4348 4347
f 4344 4341 4345 4348
f 4352 4351 4350 4349
f 4353 4354 4355 4356
f 4349 4350 4354 4353
f 4350 4351 4355 4354
f 4351 4352 4356 4355
f 4352 4349 4353 4356
f 4360 4359 4358 4357
f 4361 4362 4363 4364
f 4357 4358 4362 4361
f 4358 4359 4363 4362
f 4359 4360 4364 4363
f 4360 4357 4361 4364
f 4368 4367 4366 4365
f 4369 4370 4371 4372
f 4365 4366 4370 4369
f 4366 4367 4371 4370
f 4367 4368 4372 4371
f 4368 4365 4369 4372
f 4376 4375 4374 4373
f 4377 4378 4379 4380
f 4373 4374 4378 4377
f 4374 4375 4379 4378
f 4375 4376 4380 4379
f 4376 4373 4377 4380
f 4384 4383 4382 4381
f 4385 4386 4387 4388
f 4381 4382 4386 4385
f 4382 4383 4387 4386
f 4383 4384 4388 4387
f 4384 4381 4385 4388
f 4392 4391 4390 4389
f 4393 4394 4395 4396
f 4389 4390 4394 4393
f 4390 4391 4395 4394
f 4391 4392 4396 4395
f 4392 4389 4393 4396
f 4400 4399 4398 4397
f 4401 4402 4403 4404
f 4397 4398 4402 4401
f 4398 4399 4403 4402
f 4399 4400 4404 4403
f 4400 4397 4401 4404
